DÃ­a,zigbee:19_zd_WHr_O,zigbee:19_zd_WHr_I,zigbee:14_zd_WHr_O,zigbee:8_zd_WHr_O,zigbee:30_zd_WHr_I,zigbee:27_zd_WHr_I,zigbee:8_zd_WHr_I,zigbee:30_zd_WHr_O,zigbee:14_zd_WHr_I,zigbee:22_zd_WHr_O,zigbee:22_zd_WHr_I,zigbee:27_zd_WHr_O,zigbee:26_zd_WHr_O,zigbee:3_zd_WHr_O,zigbee:3_zd_WHr_I,zigbee:4_zd_WHr_I,zigbee:4_zd_WHr_O,zigbee:26_zd_WHr_I,zigbee:10_zd_WHr_O,zigbee:10_zd_WHr_I,zigbee:23_zd_WHr_O,zigbee:28_zd_WHr_I,zigbee:23_zd_WHr_I,zigbee:18_zd_WHr_I,zigbee:18_zd_WHr_O,zigbee:33_zd_WHr_O,zigbee:33_zd_WHr_I,zigbee:25_zd_WHr_I,zigbee:25_zd_WHr_O,zigbee:15_zd_WHr_O,zigbee:5_zd_WHr_O,zigbee:5_zd_WHr_I,zigbee:12_zd_WHr_O,zigbee:28_zd_WHr_O,zigbee:2_zd_WHr_I,zigbee:15_zd_WHr_I,zigbee:2_zd_WHr_O,zigbee:32_zd_WHr_I,zigbee:6_zd_WHr_I,zigbee:32_zd_WHr_O,zigbee:6_zd_WHr_O,zigbee:29_zd_WHr_I,zigbee:29_zd_WHr_O,zigbee:12_zd_WHr_I,zigbee:24_zd_WHr_O,zigbee:1_zd_WHr_I,zigbee:1_zd_WHr_O,zigbee:16_zd_WHr_O,zigbee:20_zd_WHr_O,zigbee:16_zd_WHr_I,zigbee:20_zd_WHr_I,zigbee:17_zd_WHr_O,zigbee:17_zd_WHr_I,zigbee:7_zd_WHr_I,zigbee:7_zd_WHr_O,zigbee:13_zd_WHr_I,zigbee:31_zd_WHr_O,zigbee:31_zd_WHr_I,modbus:1_mb_WHr_O,modbus:1_mb_WHr_I,zigbee:13_zd_WHr_O,zigbee:11_zd_WHr_I,zigbee:11_zd_WHr_O,zigbee:9_zd_WHr_I,zigbee:9_zd_WHr_O,zigbee:34_zd_WHr_I,zigbee:24_zd_WHr_I,zigbee:21_zd_WHr_O,zigbee:21_zd_WHr_I,zigbee:34_zd_WHr_O
1,nan,nan,nan,nan,nan,nan,nan,nan,nan,nan,nan,nan,nan,nan,nan,nan,nan,nan,nan,nan,nan,nan,nan,nan,nan,nan,nan,nan,nan,nan,nan,nan,nan,nan,nan,nan,nan,nan,nan,nan,nan,nan,nan,nan,nan,nan,nan,nan,nan,nan,nan,nan,nan,nan,nan,nan,nan,nan,0,147973,nan,nan,nan,nan,nan,nan,nan,nan,nan,nan
2,nan,nan,nan,nan,nan,nan,nan,nan,nan,nan,nan,nan,nan,nan,nan,nan,nan,nan,nan,nan,nan,nan,nan,nan,nan,nan,nan,nan,nan,nan,nan,nan,nan,nan,nan,nan,nan,nan,nan,nan,nan,nan,nan,nan,nan,nan,nan,nan,nan,nan,nan,nan,nan,nan,nan,nan,nan,nan,0,171894,nan,nan,nan,nan,nan,nan,nan,nan,nan,nan
3,nan,nan,nan,nan,nan,nan,nan,nan,nan,nan,nan,nan,nan,nan,nan,nan,nan,nan,nan,nan,nan,nan,nan,nan,nan,nan,nan,nan,nan,nan,nan,nan,nan,nan,nan,nan,nan,nan,nan,nan,nan,nan,nan,nan,nan,nan,nan,nan,nan,nan,nan,nan,nan,nan,nan,nan,nan,nan,0,198211,nan,nan,nan,nan,nan,nan,nan,nan,nan,nan
4,nan,nan,nan,nan,nan,nan,nan,nan,nan,nan,nan,nan,nan,nan,nan,nan,nan,nan,nan,nan,nan,nan,nan,nan,nan,nan,nan,nan,nan,nan,nan,nan,nan,nan,nan,nan,nan,nan,nan,nan,nan,nan,nan,nan,nan,nan,nan,nan,nan,nan,nan,nan,nan,nan,nan,nan,nan,nan,0,224347,nan,nan,nan,nan,nan,nan,nan,nan,nan,nan
5,nan,nan,nan,nan,0,nan,nan,0,nan,nan,nan,nan,nan,114,0,nan,nan,nan,nan,nan,nan,nan,nan,nan,nan,nan,nan,nan,nan,nan,0,3194,nan,nan,0,nan,0,nan,0,nan,0,nan,nan,nan,nan,0,0,nan,nan,nan,nan,nan,nan,nan,nan,nan,nan,nan,0,253385,nan,nan,nan,nan,nan,nan,nan,nan,nan,nan
6,nan,nan,nan,nan,0,nan,nan,0,nan,nan,nan,nan,nan,517,0,nan,nan,nan,nan,nan,nan,nan,nan,nan,nan,nan,nan,nan,nan,nan,0,9940,nan,nan,0,nan,0,nan,0,nan,0,nan,nan,nan,nan,0,0,nan,nan,nan,nan,nan,nan,nan,nan,nan,nan,nan,0,284322,nan,nan,nan,nan,nan,nan,nan,nan,nan,nan
7,nan,nan,nan,nan,0,nan,nan,0,nan,nan,nan,nan,nan,924,0,nan,nan,nan,nan,nan,nan,nan,nan,nan,nan,nan,nan,nan,nan,nan,nan,nan,nan,nan,0,nan,0,nan,0,nan,0,nan,nan,nan,nan,0,0,nan,nan,nan,nan,nan,nan,nan,nan,nan,nan,nan,0,312928,nan,nan,nan,nan,nan,nan,nan,nan,nan,nan
8,nan,nan,nan,nan,nan,nan,nan,nan,nan,nan,nan,nan,nan,1300,0,nan,nan,nan,nan,nan,nan,nan,nan,nan,nan,nan,nan,nan,nan,nan,nan,nan,nan,nan,0,nan,0,nan,0,nan,0,nan,nan,nan,nan,0,0,nan,nan,nan,nan,nan,nan,nan,nan,nan,nan,nan,0,314002,nan,nan,nan,nan,nan,nan,nan,nan,nan,nan
9,nan,nan,nan,nan,nan,nan,nan,nan,nan,24,0,nan,nan,1710,0,nan,nan,nan,nan,nan,nan,nan,nan,nan,nan,nan,nan,nan,nan,nan,0,15125,nan,nan,0,nan,0,nan,0,nan,0,nan,nan,nan,nan,0,0,nan,nan,nan,nan,nan,nan,nan,nan,nan,nan,nan,0,336672,nan,nan,nan,nan,nan,nan,nan,nan,nan,nan
10,,,,,,,,,,,,,,,,,,,,,,,,,,,,,,,,,,,,,,,,,,,,,,,,,,,,,,,,,,,,,,,,,,,,,,
11,,,,,,,,,,,,,,,,,,,,,,,,,,,,,,,,,,,,,,,,,,,,,,,,,,,,,,,,,,,,,,,,,,,,,,
12,,,,,,,,,,,,,,,,,,,,,,,,,,,,,,,,,,,,,,,,,,,,,,,,,,,,,,,,,,,,,,,,,,,,,,
13,,,,,,,,,,,,,,,,,,,,,,,,,,,,,,,,,,,,,,,,,,,,,,,,,,,,,,,,,,,,,,,,,,,,,,
14,,,,,,,,,,,,,,,,,,,,,,,,,,,,,,,,,,,,,,,,,,,,,,,,,,,,,,,,,,,,,,,,,,,,,,
15,,,,,,,,,,,,,,,,,,,,,,,,,,,,,,,,,,,,,,,,,,,,,,,,,,,,,,,,,,,,,,,,,,,,,,
16,,,,,,,,,,,,,,,,,,,,,,,,,,,,,,,,,,,,,,,,,,,,,,,,,,,,,,,,,,,,,,,,,,,,,,
17,,,,,,,,,,,,,,,,,,,,,,,,,,,,,,,,,,,,,,,,,,,,,,,,,,,,,,,,,,,,,,,,,,,,,,
18,,,,,,,,,,,,,,,,,,,,,,,,,,,,,,,,,,,,,,,,,,,,,,,,,,,,,,,,,,,,,,,,,,,,,,
19,,,,,,,,,,,,,,,,,,,,,,,,,,,,,,,,,,,,,,,,,,,,,,,,,,,,,,,,,,,,,,,,,,,,,,
20,,,,,,,,,,,,,,,,,,,,,,,,,,,,,,,,,,,,,,,,,,,,,,,,,,,,,,,,,,,,,,,,,,,,,,
21,,,,,,,,,,,,,,,,,,,,,,,,,,,,,,,,,,,,,,,,,,,,,,,,,,,,,,,,,,,,,,,,,,,,,,
22,,,,,,,,,,,,,,,,,,,,,,,,,,,,,,,,,,,,,,,,,,,,,,,,,,,,,,,,,,,,,,,,,,,,,,
23,,,,,,,,,,,,,,,,,,,,,,,,,,,,,,,,,,,,,,,,,,,,,,,,,,,,,,,,,,,,,,,,,,,,,,
24,,,,,,,,,,,,,,,,,,,,,,,,,,,,,,,,,,,,,,,,,,,,,,,,,,,,,,,,,,,,,,,,,,,,,,
25,,,,,,,,,,,,,,,,,,,,,,,,,,,,,,,,,,,,,,,,,,,,,,,,,,,,,,,,,,,,,,,,,,,,,,
26,,,,,,,,,,,,,,,,,,,,,,,,,,,,,,,,,,,,,,,,,,,,,,,,,,,,,,,,,,,,,,,,,,,,,,
27,,,,,,,,,,,,,,,,,,,,,,,,,,,,,,,,,,,,,,,,,,,,,,,,,,,,,,,,,,,,,,,,,,,,,,
28,,,,,,,,,,,,,,,,,,,,,,,,,,,,,,,,,,,,,,,,,,,,,,,,,,,,,,,,,,,,,,,,,,,,,,
29,,,,,,,,,,,,,,,,,,,,,,,,,,,,,,,,,,,,,,,,,,,,,,,,,,,,,,,,,,,,,,,,,,,,,,
30,,,,,,,,,,,,,,,,,,,,,,,,,,,,,,,,,,,,,,,,,,,,,,,,,,,,,,,,,,,,,,,,,,,,,,
31,,,,,,,,,,,,,,,,,,,,,,,,,,,,,,,,,,,,,,,,,,,,,,,,,,,,,,,,,,,,,,,,,,,,,,
