ID,zigbee:19_zd_WHr_O,zigbee:19_zd_WHr_I,zigbee:14_zd_WHr_O,zigbee:8_zd_WHr_O,zigbee:30_zd_WHr_I,zigbee:27_zd_WHr_I,zigbee:8_zd_WHr_I,zigbee:30_zd_WHr_O,zigbee:14_zd_WHr_I,zigbee:22_zd_WHr_O,zigbee:22_zd_WHr_I,zigbee:27_zd_WHr_O,zigbee:26_zd_WHr_O,zigbee:3_zd_WHr_O,zigbee:3_zd_WHr_I,zigbee:4_zd_WHr_I,zigbee:4_zd_WHr_O,zigbee:26_zd_WHr_I,zigbee:10_zd_WHr_O,zigbee:10_zd_WHr_I,zigbee:23_zd_WHr_O,zigbee:28_zd_WHr_I,zigbee:23_zd_WHr_I,zigbee:18_zd_WHr_I,zigbee:18_zd_WHr_O,zigbee:33_zd_WHr_O,zigbee:33_zd_WHr_I,zigbee:25_zd_WHr_I,zigbee:25_zd_WHr_O,zigbee:15_zd_WHr_O,zigbee:5_zd_WHr_O,zigbee:5_zd_WHr_I,zigbee:12_zd_WHr_O,zigbee:28_zd_WHr_O,zigbee:2_zd_WHr_I,zigbee:15_zd_WHr_I,zigbee:2_zd_WHr_O,zigbee:32_zd_WHr_I,zigbee:6_zd_WHr_I,zigbee:32_zd_WHr_O,zigbee:6_zd_WHr_O,zigbee:29_zd_WHr_I,zigbee:29_zd_WHr_O,zigbee:12_zd_WHr_I,zigbee:24_zd_WHr_O,zigbee:1_zd_WHr_I,zigbee:1_zd_WHr_O,zigbee:16_zd_WHr_O,zigbee:20_zd_WHr_O,zigbee:16_zd_WHr_I,zigbee:20_zd_WHr_I,zigbee:17_zd_WHr_O,zigbee:17_zd_WHr_I,zigbee:7_zd_WHr_I,zigbee:7_zd_WHr_O,zigbee:13_zd_WHr_I,zigbee:31_zd_WHr_O,zigbee:31_zd_WHr_I,modbus:1_mb_WHr_O,modbus:1_mb_WHr_I,zigbee:13_zd_WHr_O,zigbee:11_zd_WHr_I,zigbee:11_zd_WHr_O,zigbee:9_zd_WHr_I,zigbee:9_zd_WHr_O,zigbee:34_zd_WHr_I,zigbee:24_zd_WHr_I,zigbee:21_zd_WHr_O,zigbee:21_zd_WHr_I,zigbee:34_zd_WHr_O
Time,Q57,Q57,Q49-307-Sol y sombra,Q36,Q46,Q65,Q36,Q46,Q49-307-Sol y sombra,Q60,Q60,Q65,Q64,Q69,Q69,Q44,Q44,Q64,Q39-304-Reserva Equipada,Q39-304-Reserva Equipada,Q61,Q66,Q61,Q55,Q55,Q48,Q48,Q63,Q63,Q51-309,Q56,Q56,Q43,Q66,Q42,Q51-309,Q42,Q50,Q40,Q50,Q40,Q67,Q67,Q43,Q62,Q41,Q41,Q53,Q58,Q53,Q58,Q54,Q54,Q35,Q35,Q47-312,Q52-PIZZA HUT,Q52-PIZZA HUT,Q68-SMART FIT,Q68-SMART FIT,Q47-312,Q45,Q45,Q38,Q38,Q37,Q62,Q59,Q59,Q37
2025/09/01 00:00:00,nan,nan,nan,nan,nan,nan,nan,nan,nan,nan,nan,nan,nan,nan,nan,nan,nan,nan,nan,nan,nan,nan,nan,nan,nan,nan,nan,nan,nan,nan,nan,nan,nan,nan,nan,nan,nan,nan,nan,nan,nan,nan,nan,nan,nan,nan,nan,nan,nan,nan,nan,nan,nan,nan,nan,nan,nan,nan,0,147973,nan,nan,nan,nan,nan,nan,nan,nan,nan,nan
2025/09/01 01:00:00,nan,nan,nan,nan,nan,nan,nan,nan,nan,nan,nan,nan,nan,nan,nan,nan,nan,nan,nan,nan,nan,nan,nan,nan,nan,nan,nan,nan,nan,nan,nan,nan,nan,nan,nan,nan,nan,nan,nan,nan,nan,nan,nan,nan,nan,nan,nan,nan,nan,nan,nan,nan,nan,nan,nan,nan,nan,nan,0,147973,nan,nan,nan,nan,nan,nan,nan,nan,nan,nan
2025/09/01 02:00:00,nan,nan,nan,nan,nan,nan,nan,nan,nan,nan,nan,nan,nan,nan,nan,nan,nan,nan,nan,nan,nan,nan,nan,nan,nan,nan,nan,nan,nan,nan,nan,nan,nan,nan,nan,nan,nan,nan,nan,nan,nan,nan,nan,nan,nan,nan,nan,nan,nan,nan,nan,nan,nan,nan,nan,nan,nan,nan,0,147973,nan,nan,nan,nan,nan,nan,nan,nan,nan,nan
2025/09/01 03:00:00,nan,nan,nan,nan,nan,nan,nan,nan,nan,nan,nan,nan,nan,nan,nan,nan,nan,nan,nan,nan,nan,nan,nan,nan,nan,nan,nan,nan,nan,nan,nan,nan,nan,nan,nan,nan,nan,nan,nan,nan,nan,nan,nan,nan,nan,nan,nan,nan,nan,nan,nan,nan,nan,nan,nan,nan,nan,nan,0,147973,nan,nan,nan,nan,nan,nan,nan,nan,nan,nan
2025/09/01 04:00:00,nan,nan,nan,nan,nan,nan,nan,nan,nan,nan,nan,nan,nan,nan,nan,nan,nan,nan,nan,nan,nan,nan,nan,nan,nan,nan,nan,nan,nan,nan,nan,nan,nan,nan,nan,nan,nan,nan,nan,nan,nan,nan,nan,nan,nan,nan,nan,nan,nan,nan,nan,nan,nan,nan,nan,nan,nan,nan,0,147973,nan,nan,nan,nan,nan,nan,nan,nan,nan,nan
2025/09/01 05:00:00,nan,nan,nan,nan,nan,nan,nan,nan,nan,nan,nan,nan,nan,nan,nan,nan,nan,nan,nan,nan,nan,nan,nan,nan,nan,nan,nan,nan,nan,nan,nan,nan,nan,nan,nan,nan,nan,nan,nan,nan,nan,nan,nan,nan,nan,nan,nan,nan,nan,nan,nan,nan,nan,nan,nan,nan,nan,nan,0,147973,nan,nan,nan,nan,nan,nan,nan,nan,nan,nan
2025/09/01 06:00:00,nan,nan,nan,nan,nan,nan,nan,nan,nan,nan,nan,nan,nan,nan,nan,nan,nan,nan,nan,nan,nan,nan,nan,nan,nan,nan,nan,nan,nan,nan,nan,nan,nan,nan,nan,nan,nan,nan,nan,nan,nan,nan,nan,nan,nan,nan,nan,nan,nan,nan,nan,nan,nan,nan,nan,nan,nan,nan,0,147973,nan,nan,nan,nan,nan,nan,nan,nan,nan,nan
2025/09/01 07:00:00,nan,nan,nan,nan,nan,nan,nan,nan,nan,nan,nan,nan,nan,nan,nan,nan,nan,nan,nan,nan,nan,nan,nan,nan,nan,nan,nan,nan,nan,nan,nan,nan,nan,nan,nan,nan,nan,nan,nan,nan,nan,nan,nan,nan,nan,nan,nan,nan,nan,nan,nan,nan,nan,nan,nan,nan,nan,nan,0,147973,nan,nan,nan,nan,nan,nan,nan,nan,nan,nan
2025/09/01 08:00:00,nan,nan,nan,nan,nan,nan,nan,nan,nan,nan,nan,nan,nan,nan,nan,nan,nan,nan,nan,nan,nan,nan,nan,nan,nan,nan,nan,nan,nan,nan,nan,nan,nan,nan,nan,nan,nan,nan,nan,nan,nan,nan,nan,nan,nan,nan,nan,nan,nan,nan,nan,nan,nan,nan,nan,nan,nan,nan,0,147973,nan,nan,nan,nan,nan,nan,nan,nan,nan,nan
2025/09/01 09:00:00,nan,nan,nan,nan,nan,nan,nan,nan,nan,nan,nan,nan,nan,nan,nan,nan,nan,nan,nan,nan,nan,nan,nan,nan,nan,nan,nan,nan,nan,nan,nan,nan,nan,nan,nan,nan,nan,nan,nan,nan,nan,nan,nan,nan,nan,nan,nan,nan,nan,nan,nan,nan,nan,nan,nan,nan,nan,nan,0,147973,nan,nan,nan,nan,nan,nan,nan,nan,nan,nan
2025/09/01 10:00:00,nan,nan,nan,nan,nan,nan,nan,nan,nan,nan,nan,nan,nan,nan,nan,nan,nan,nan,nan,nan,nan,nan,nan,nan,nan,nan,nan,nan,nan,nan,nan,nan,nan,nan,nan,nan,nan,nan,nan,nan,nan,nan,nan,nan,nan,nan,nan,nan,nan,nan,nan,nan,nan,nan,nan,nan,nan,nan,0,147973,nan,nan,nan,nan,nan,nan,nan,nan,nan,nan
2025/09/01 11:00:00,nan,nan,nan,nan,nan,nan,nan,nan,nan,nan,nan,nan,nan,nan,nan,nan,nan,nan,nan,nan,nan,nan,nan,nan,nan,nan,nan,nan,nan,nan,nan,nan,nan,nan,nan,nan,nan,nan,nan,nan,nan,nan,nan,nan,nan,nan,nan,nan,nan,nan,nan,nan,nan,nan,nan,nan,nan,nan,0,147973,nan,nan,nan,nan,nan,nan,nan,nan,nan,nan
2025/09/01 12:00:00,nan,nan,nan,nan,nan,nan,nan,nan,nan,nan,nan,nan,nan,nan,nan,nan,nan,nan,nan,nan,nan,nan,nan,nan,nan,nan,nan,nan,nan,nan,nan,nan,nan,nan,nan,nan,nan,nan,nan,nan,nan,nan,nan,nan,nan,nan,nan,nan,nan,nan,nan,nan,nan,nan,nan,nan,nan,nan,0,147973,nan,nan,nan,nan,nan,nan,nan,nan,nan,nan
2025/09/01 13:00:00,nan,nan,nan,nan,nan,nan,nan,nan,nan,nan,nan,nan,nan,nan,nan,nan,nan,nan,nan,nan,nan,nan,nan,nan,nan,nan,nan,nan,nan,nan,nan,nan,nan,nan,nan,nan,nan,nan,nan,nan,nan,nan,nan,nan,nan,nan,nan,nan,nan,nan,nan,nan,nan,nan,nan,nan,nan,nan,0,148416,nan,nan,nan,nan,nan,nan,nan,nan,nan,nan
2025/09/01 14:00:00,nan,nan,nan,nan,nan,nan,nan,nan,nan,nan,nan,nan,nan,nan,nan,nan,nan,nan,nan,nan,nan,nan,nan,nan,nan,nan,nan,nan,nan,nan,nan,nan,nan,nan,nan,nan,nan,nan,nan,nan,nan,nan,nan,nan,nan,nan,nan,nan,nan,nan,nan,nan,nan,nan,nan,nan,nan,nan,0,150271,nan,nan,nan,nan,nan,nan,nan,nan,nan,nan
2025/09/01 15:00:00,nan,nan,nan,nan,nan,nan,nan,nan,nan,nan,nan,nan,nan,nan,nan,nan,nan,nan,nan,nan,nan,nan,nan,nan,nan,nan,nan,nan,nan,nan,nan,nan,nan,nan,nan,nan,nan,nan,nan,nan,nan,nan,nan,nan,nan,nan,nan,nan,nan,nan,nan,nan,nan,nan,nan,nan,nan,nan,0,152097,nan,nan,nan,nan,nan,nan,nan,nan,nan,nan
2025/09/01 16:00:00,nan,nan,nan,nan,nan,nan,nan,nan,nan,nan,nan,nan,nan,nan,nan,nan,nan,nan,nan,nan,nan,nan,nan,nan,nan,nan,nan,nan,nan,nan,nan,nan,nan,nan,nan,nan,nan,nan,nan,nan,nan,nan,nan,nan,nan,nan,nan,nan,nan,nan,nan,nan,nan,nan,nan,nan,nan,nan,0,154011,nan,nan,nan,nan,nan,nan,nan,nan,nan,nan
2025/09/01 17:00:00,nan,nan,nan,nan,nan,nan,nan,nan,nan,nan,nan,nan,nan,nan,nan,nan,nan,nan,nan,nan,nan,nan,nan,nan,nan,nan,nan,nan,nan,nan,nan,nan,nan,nan,nan,nan,nan,nan,nan,nan,nan,nan,nan,nan,nan,nan,nan,nan,nan,nan,nan,nan,nan,nan,nan,nan,nan,nan,0,156200,nan,nan,nan,nan,nan,nan,nan,nan,nan,nan
2025/09/01 18:00:00,nan,nan,nan,nan,nan,nan,nan,nan,nan,nan,nan,nan,nan,nan,nan,nan,nan,nan,nan,nan,nan,nan,nan,nan,nan,nan,nan,nan,nan,nan,nan,nan,nan,nan,nan,nan,nan,nan,nan,nan,nan,nan,nan,nan,nan,nan,nan,nan,nan,nan,nan,nan,nan,nan,nan,nan,nan,nan,0,157825,nan,nan,nan,nan,nan,nan,nan,nan,nan,nan
2025/09/01 19:00:00,nan,nan,nan,nan,nan,nan,nan,nan,nan,nan,nan,nan,nan,nan,nan,nan,nan,nan,nan,nan,nan,nan,nan,nan,nan,nan,nan,nan,nan,nan,nan,nan,nan,nan,nan,nan,nan,nan,nan,nan,nan,nan,nan,nan,nan,nan,nan,nan,nan,nan,nan,nan,nan,nan,nan,nan,nan,nan,0,160069,nan,nan,nan,nan,nan,nan,nan,nan,nan,nan
2025/09/01 20:00:00,nan,nan,nan,nan,nan,nan,nan,nan,nan,nan,nan,nan,nan,nan,nan,nan,nan,nan,nan,nan,nan,nan,nan,nan,nan,nan,nan,nan,nan,nan,nan,nan,nan,nan,nan,nan,nan,nan,nan,nan,nan,nan,nan,nan,nan,nan,nan,nan,nan,nan,nan,nan,nan,nan,nan,nan,nan,nan,0,161989,nan,nan,nan,nan,nan,nan,nan,nan,nan,nan
2025/09/01 21:00:00,nan,nan,nan,nan,nan,nan,nan,nan,nan,nan,nan,nan,nan,nan,nan,nan,nan,nan,nan,nan,nan,nan,nan,nan,nan,nan,nan,nan,nan,nan,nan,nan,nan,nan,nan,nan,nan,nan,nan,nan,nan,nan,nan,nan,nan,nan,nan,nan,nan,nan,nan,nan,nan,nan,nan,nan,nan,nan,0,164484,nan,nan,nan,nan,nan,nan,nan,nan,nan,nan
2025/09/01 22:00:00,nan,nan,nan,nan,nan,nan,nan,nan,nan,nan,nan,nan,nan,nan,nan,nan,nan,nan,nan,nan,nan,nan,nan,nan,nan,nan,nan,nan,nan,nan,nan,nan,nan,nan,nan,nan,nan,nan,nan,nan,nan,nan,nan,nan,nan,nan,nan,nan,nan,nan,nan,nan,nan,nan,nan,nan,nan,nan,0,166930,nan,nan,nan,nan,nan,nan,nan,nan,nan,nan
2025/09/01 23:00:00,nan,nan,nan,nan,nan,nan,nan,nan,nan,nan,nan,nan,nan,nan,nan,nan,nan,nan,nan,nan,nan,nan,nan,nan,nan,nan,nan,nan,nan,nan,nan,nan,nan,nan,nan,nan,nan,nan,nan,nan,nan,nan,nan,nan,nan,nan,nan,nan,nan,nan,nan,nan,nan,nan,nan,nan,nan,nan,0,169478,nan,nan,nan,nan,nan,nan,nan,nan,nan,nan
2025/09/02 00:00:00,nan,nan,nan,nan,nan,nan,nan,nan,nan,nan,nan,nan,nan,nan,nan,nan,nan,nan,nan,nan,nan,nan,nan,nan,nan,nan,nan,nan,nan,nan,nan,nan,nan,nan,nan,nan,nan,nan,nan,nan,nan,nan,nan,nan,nan,nan,nan,nan,nan,nan,nan,nan,nan,nan,nan,nan,nan,nan,0,171894,nan,nan,nan,nan,nan,nan,nan,nan,nan,nan
2025/09/02 01:00:00,nan,nan,nan,nan,nan,nan,nan,nan,nan,nan,nan,nan,nan,nan,nan,nan,nan,nan,nan,nan,nan,nan,nan,nan,nan,nan,nan,nan,nan,nan,nan,nan,nan,nan,nan,nan,nan,nan,nan,nan,nan,nan,nan,nan,nan,nan,nan,nan,nan,nan,nan,nan,nan,nan,nan,nan,nan,nan,0,174191,nan,nan,nan,nan,nan,nan,nan,nan,nan,nan
2025/09/02 02:00:00,nan,nan,nan,nan,nan,nan,nan,nan,nan,nan,nan,nan,nan,nan,nan,nan,nan,nan,nan,nan,nan,nan,nan,nan,nan,nan,nan,nan,nan,nan,nan,nan,nan,nan,nan,nan,nan,nan,nan,nan,nan,nan,nan,nan,nan,nan,nan,nan,nan,nan,nan,nan,nan,nan,nan,nan,nan,nan,0,174668,nan,nan,nan,nan,nan,nan,nan,nan,nan,nan
2025/09/02 03:00:00,nan,nan,nan,nan,nan,nan,nan,nan,nan,nan,nan,nan,nan,nan,nan,nan,nan,nan,nan,nan,nan,nan,nan,nan,nan,nan,nan,nan,nan,nan,nan,nan,nan,nan,nan,nan,nan,nan,nan,nan,nan,nan,nan,nan,nan,nan,nan,nan,nan,nan,nan,nan,nan,nan,nan,nan,nan,nan,0,174668,nan,nan,nan,nan,nan,nan,nan,nan,nan,nan
2025/09/02 04:00:00,nan,nan,nan,nan,nan,nan,nan,nan,nan,nan,nan,nan,nan,nan,nan,nan,nan,nan,nan,nan,nan,nan,nan,nan,nan,nan,nan,nan,nan,nan,nan,nan,nan,nan,nan,nan,nan,nan,nan,nan,nan,nan,nan,nan,nan,nan,nan,nan,nan,nan,nan,nan,nan,nan,nan,nan,nan,nan,0,174668,nan,nan,nan,nan,nan,nan,nan,nan,nan,nan
2025/09/02 05:00:00,nan,nan,nan,nan,nan,nan,nan,nan,nan,nan,nan,nan,nan,nan,nan,nan,nan,nan,nan,nan,nan,nan,nan,nan,nan,nan,nan,nan,nan,nan,nan,nan,nan,nan,nan,nan,nan,nan,nan,nan,nan,nan,nan,nan,nan,nan,nan,nan,nan,nan,nan,nan,nan,nan,nan,nan,nan,nan,0,174668,nan,nan,nan,nan,nan,nan,nan,nan,nan,nan
2025/09/02 06:00:00,nan,nan,nan,nan,nan,nan,nan,nan,nan,nan,nan,nan,nan,nan,nan,nan,nan,nan,nan,nan,nan,nan,nan,nan,nan,nan,nan,nan,nan,nan,nan,nan,nan,nan,nan,nan,nan,nan,nan,nan,nan,nan,nan,nan,nan,nan,nan,nan,nan,nan,nan,nan,nan,nan,nan,nan,nan,nan,0,174668,nan,nan,nan,nan,nan,nan,nan,nan,nan,nan
2025/09/02 07:00:00,nan,nan,nan,nan,nan,nan,nan,nan,nan,nan,nan,nan,nan,nan,nan,nan,nan,nan,nan,nan,nan,nan,nan,nan,nan,nan,nan,nan,nan,nan,nan,nan,nan,nan,nan,nan,nan,nan,nan,nan,nan,nan,nan,nan,nan,nan,nan,nan,nan,nan,nan,nan,nan,nan,nan,nan,nan,nan,0,174668,nan,nan,nan,nan,nan,nan,nan,nan,nan,nan
2025/09/02 08:00:00,nan,nan,nan,nan,nan,nan,nan,nan,nan,nan,nan,nan,nan,nan,nan,nan,nan,nan,nan,nan,nan,nan,nan,nan,nan,nan,nan,nan,nan,nan,nan,nan,nan,nan,nan,nan,nan,nan,nan,nan,nan,nan,nan,nan,nan,nan,nan,nan,nan,nan,nan,nan,nan,nan,nan,nan,nan,nan,0,174668,nan,nan,nan,nan,nan,nan,nan,nan,nan,nan
2025/09/02 09:00:00,nan,nan,nan,nan,nan,nan,nan,nan,nan,nan,nan,nan,nan,nan,nan,nan,nan,nan,nan,nan,nan,nan,nan,nan,nan,nan,nan,nan,nan,nan,nan,nan,nan,nan,nan,nan,nan,nan,nan,nan,nan,nan,nan,nan,nan,nan,nan,nan,nan,nan,nan,nan,nan,nan,nan,nan,nan,nan,0,174668,nan,nan,nan,nan,nan,nan,nan,nan,nan,nan
2025/09/02 10:00:00,nan,nan,nan,nan,nan,nan,nan,nan,nan,nan,nan,nan,nan,nan,nan,nan,nan,nan,nan,nan,nan,nan,nan,nan,nan,nan,nan,nan,nan,nan,nan,nan,nan,nan,nan,nan,nan,nan,nan,nan,nan,nan,nan,nan,nan,nan,nan,nan,nan,nan,nan,nan,nan,nan,nan,nan,nan,nan,0,174668,nan,nan,nan,nan,nan,nan,nan,nan,nan,nan
2025/09/02 11:00:00,nan,nan,nan,nan,nan,nan,nan,nan,nan,nan,nan,nan,nan,nan,nan,nan,nan,nan,nan,nan,nan,nan,nan,nan,nan,nan,nan,nan,nan,nan,nan,nan,nan,nan,nan,nan,nan,nan,nan,nan,nan,nan,nan,nan,nan,nan,nan,nan,nan,nan,nan,nan,nan,nan,nan,nan,nan,nan,0,174668,nan,nan,nan,nan,nan,nan,nan,nan,nan,nan
2025/09/02 12:00:00,nan,nan,nan,nan,nan,nan,nan,nan,nan,nan,nan,nan,nan,nan,nan,nan,nan,nan,nan,nan,nan,nan,nan,nan,nan,nan,nan,nan,nan,nan,nan,nan,nan,nan,nan,nan,nan,nan,nan,nan,nan,nan,nan,nan,nan,nan,nan,nan,nan,nan,nan,nan,nan,nan,nan,nan,nan,nan,0,174668,nan,nan,nan,nan,nan,nan,nan,nan,nan,nan
2025/09/02 13:00:00,nan,nan,nan,nan,nan,nan,nan,nan,nan,nan,nan,nan,nan,nan,nan,nan,nan,nan,nan,nan,nan,nan,nan,nan,nan,nan,nan,nan,nan,nan,nan,nan,nan,nan,nan,nan,nan,nan,nan,nan,nan,nan,nan,nan,nan,nan,nan,nan,nan,nan,nan,nan,nan,nan,nan,nan,nan,nan,0,175504,nan,nan,nan,nan,nan,nan,nan,nan,nan,nan
2025/09/02 14:00:00,nan,nan,nan,nan,nan,nan,nan,nan,nan,nan,nan,nan,nan,nan,nan,nan,nan,nan,nan,nan,nan,nan,nan,nan,nan,nan,nan,nan,nan,nan,nan,nan,nan,nan,nan,nan,nan,nan,nan,nan,nan,nan,nan,nan,nan,nan,nan,nan,nan,nan,nan,nan,nan,nan,nan,nan,nan,nan,0,177734,nan,nan,nan,nan,nan,nan,nan,nan,nan,nan
2025/09/02 15:00:00,nan,nan,nan,nan,nan,nan,nan,nan,nan,nan,nan,nan,nan,nan,nan,nan,nan,nan,nan,nan,nan,nan,nan,nan,nan,nan,nan,nan,nan,nan,nan,nan,nan,nan,nan,nan,nan,nan,nan,nan,nan,nan,nan,nan,nan,nan,nan,nan,nan,nan,nan,nan,nan,nan,nan,nan,nan,nan,0,179787,nan,nan,nan,nan,nan,nan,nan,nan,nan,nan
2025/09/02 16:00:00,nan,nan,nan,nan,nan,nan,nan,nan,nan,nan,nan,nan,nan,nan,nan,nan,nan,nan,nan,nan,nan,nan,nan,nan,nan,nan,nan,nan,nan,nan,nan,nan,nan,nan,nan,nan,nan,nan,nan,nan,nan,nan,nan,nan,nan,nan,nan,nan,nan,nan,nan,nan,nan,nan,nan,nan,nan,nan,0,181816,nan,nan,nan,nan,nan,nan,nan,nan,nan,nan
2025/09/02 17:00:00,nan,nan,nan,nan,nan,nan,nan,nan,nan,nan,nan,nan,nan,nan,nan,nan,nan,nan,nan,nan,nan,nan,nan,nan,nan,nan,nan,nan,nan,nan,nan,nan,nan,nan,nan,nan,nan,nan,nan,nan,nan,nan,nan,nan,nan,nan,nan,nan,nan,nan,nan,nan,nan,nan,nan,nan,nan,nan,0,183755,nan,nan,nan,nan,nan,nan,nan,nan,nan,nan
2025/09/02 18:00:00,nan,nan,nan,nan,nan,nan,nan,nan,nan,nan,nan,nan,nan,nan,nan,nan,nan,nan,nan,nan,nan,nan,nan,nan,nan,nan,nan,nan,nan,nan,nan,nan,nan,nan,nan,nan,nan,nan,nan,nan,nan,nan,nan,nan,nan,nan,nan,nan,nan,nan,nan,nan,nan,nan,nan,nan,nan,nan,0,185463,nan,nan,nan,nan,nan,nan,nan,nan,nan,nan
2025/09/02 19:00:00,nan,nan,nan,nan,nan,nan,nan,nan,nan,nan,nan,nan,nan,nan,nan,nan,nan,nan,nan,nan,nan,nan,nan,nan,nan,nan,nan,nan,nan,nan,nan,nan,nan,nan,nan,nan,nan,nan,nan,nan,nan,nan,nan,nan,nan,nan,nan,nan,nan,nan,nan,nan,nan,nan,nan,nan,nan,nan,0,187562,nan,nan,nan,nan,nan,nan,nan,nan,nan,nan
2025/09/02 20:00:00,nan,nan,nan,nan,nan,nan,nan,nan,nan,nan,nan,nan,nan,nan,nan,nan,nan,nan,nan,nan,nan,nan,nan,nan,nan,nan,nan,nan,nan,nan,nan,nan,nan,nan,nan,nan,nan,nan,nan,nan,nan,nan,nan,nan,nan,nan,nan,nan,nan,nan,nan,nan,nan,nan,nan,nan,nan,nan,0,189815,nan,nan,nan,nan,nan,nan,nan,nan,nan,nan
2025/09/02 21:00:00,nan,nan,nan,nan,nan,nan,nan,nan,nan,nan,nan,nan,nan,nan,nan,nan,nan,nan,nan,nan,nan,nan,nan,nan,nan,nan,nan,nan,nan,nan,nan,nan,nan,nan,nan,nan,nan,nan,nan,nan,nan,nan,nan,nan,nan,nan,nan,nan,nan,nan,nan,nan,nan,nan,nan,nan,nan,nan,0,191954,nan,nan,nan,nan,nan,nan,nan,nan,nan,nan
2025/09/02 22:00:00,nan,nan,nan,nan,nan,nan,nan,nan,nan,nan,nan,nan,nan,nan,nan,nan,nan,nan,nan,nan,nan,nan,nan,nan,nan,nan,nan,nan,nan,nan,nan,nan,nan,nan,nan,nan,nan,nan,nan,nan,nan,nan,nan,nan,nan,nan,nan,nan,nan,nan,nan,nan,nan,nan,nan,nan,nan,nan,0,194157,nan,nan,nan,nan,nan,nan,nan,nan,nan,nan
2025/09/02 23:00:00,nan,nan,nan,nan,nan,nan,nan,nan,nan,nan,nan,nan,nan,nan,nan,nan,nan,nan,nan,nan,nan,nan,nan,nan,nan,nan,nan,nan,nan,nan,nan,nan,nan,nan,nan,nan,nan,nan,nan,nan,nan,nan,nan,nan,nan,nan,nan,nan,nan,nan,nan,nan,nan,nan,nan,nan,nan,nan,0,196178,nan,nan,nan,nan,nan,nan,nan,nan,nan,nan
2025/09/03 00:00:00,nan,nan,nan,nan,nan,nan,nan,nan,nan,nan,nan,nan,nan,nan,nan,nan,nan,nan,nan,nan,nan,nan,nan,nan,nan,nan,nan,nan,nan,nan,nan,nan,nan,nan,nan,nan,nan,nan,nan,nan,nan,nan,nan,nan,nan,nan,nan,nan,nan,nan,nan,nan,nan,nan,nan,nan,nan,nan,0,198211,nan,nan,nan,nan,nan,nan,nan,nan,nan,nan
2025/09/03 01:00:00,nan,nan,nan,nan,nan,nan,nan,nan,nan,nan,nan,nan,nan,nan,nan,nan,nan,nan,nan,nan,nan,nan,nan,nan,nan,nan,nan,nan,nan,nan,nan,nan,nan,nan,nan,nan,nan,nan,nan,nan,nan,nan,nan,nan,nan,nan,nan,nan,nan,nan,nan,nan,nan,nan,nan,nan,nan,nan,0,200132,nan,nan,nan,nan,nan,nan,nan,nan,nan,nan
2025/09/03 02:00:00,nan,nan,nan,nan,nan,nan,nan,nan,nan,nan,nan,nan,nan,nan,nan,nan,nan,nan,nan,nan,nan,nan,nan,nan,nan,nan,nan,nan,nan,nan,nan,nan,nan,nan,nan,nan,nan,nan,nan,nan,nan,nan,nan,nan,nan,nan,nan,nan,nan,nan,nan,nan,nan,nan,nan,nan,nan,nan,0,200555,nan,nan,nan,nan,nan,nan,nan,nan,nan,nan
2025/09/03 03:00:00,nan,nan,nan,nan,nan,nan,nan,nan,nan,nan,nan,nan,nan,nan,nan,nan,nan,nan,nan,nan,nan,nan,nan,nan,nan,nan,nan,nan,nan,nan,nan,nan,nan,nan,nan,nan,nan,nan,nan,nan,nan,nan,nan,nan,nan,nan,nan,nan,nan,nan,nan,nan,nan,nan,nan,nan,nan,nan,0,200555,nan,nan,nan,nan,nan,nan,nan,nan,nan,nan
2025/09/03 04:00:00,nan,nan,nan,nan,nan,nan,nan,nan,nan,nan,nan,nan,nan,nan,nan,nan,nan,nan,nan,nan,nan,nan,nan,nan,nan,nan,nan,nan,nan,nan,nan,nan,nan,nan,nan,nan,nan,nan,nan,nan,nan,nan,nan,nan,nan,nan,nan,nan,nan,nan,nan,nan,nan,nan,nan,nan,nan,nan,0,200555,nan,nan,nan,nan,nan,nan,nan,nan,nan,nan
2025/09/03 05:00:00,nan,nan,nan,nan,nan,nan,nan,nan,nan,nan,nan,nan,nan,nan,nan,nan,nan,nan,nan,nan,nan,nan,nan,nan,nan,nan,nan,nan,nan,nan,nan,nan,nan,nan,nan,nan,nan,nan,nan,nan,nan,nan,nan,nan,nan,nan,nan,nan,nan,nan,nan,nan,nan,nan,nan,nan,nan,nan,0,200555,nan,nan,nan,nan,nan,nan,nan,nan,nan,nan
2025/09/03 06:00:00,nan,nan,nan,nan,nan,nan,nan,nan,nan,nan,nan,nan,nan,nan,nan,nan,nan,nan,nan,nan,nan,nan,nan,nan,nan,nan,nan,nan,nan,nan,nan,nan,nan,nan,nan,nan,nan,nan,nan,nan,nan,nan,nan,nan,nan,nan,nan,nan,nan,nan,nan,nan,nan,nan,nan,nan,nan,nan,0,200555,nan,nan,nan,nan,nan,nan,nan,nan,nan,nan
2025/09/03 07:00:00,nan,nan,nan,nan,nan,nan,nan,nan,nan,nan,nan,nan,nan,nan,nan,nan,nan,nan,nan,nan,nan,nan,nan,nan,nan,nan,nan,nan,nan,nan,nan,nan,nan,nan,nan,nan,nan,nan,nan,nan,nan,nan,nan,nan,nan,nan,nan,nan,nan,nan,nan,nan,nan,nan,nan,nan,nan,nan,0,200555,nan,nan,nan,nan,nan,nan,nan,nan,nan,nan
2025/09/03 08:00:00,nan,nan,nan,nan,nan,nan,nan,nan,nan,nan,nan,nan,nan,nan,nan,nan,nan,nan,nan,nan,nan,nan,nan,nan,nan,nan,nan,nan,nan,nan,nan,nan,nan,nan,nan,nan,nan,nan,nan,nan,nan,nan,nan,nan,nan,nan,nan,nan,nan,nan,nan,nan,nan,nan,nan,nan,nan,nan,0,200555,nan,nan,nan,nan,nan,nan,nan,nan,nan,nan
2025/09/03 09:00:00,nan,nan,nan,nan,nan,nan,nan,nan,nan,nan,nan,nan,nan,nan,nan,nan,nan,nan,nan,nan,nan,nan,nan,nan,nan,nan,nan,nan,nan,nan,nan,nan,nan,nan,nan,nan,nan,nan,nan,nan,nan,nan,nan,nan,nan,nan,nan,nan,nan,nan,nan,nan,nan,nan,nan,nan,nan,nan,0,200555,nan,nan,nan,nan,nan,nan,nan,nan,nan,nan
2025/09/03 10:00:00,nan,nan,nan,nan,nan,nan,nan,nan,nan,nan,nan,nan,nan,nan,nan,nan,nan,nan,nan,nan,nan,nan,nan,nan,nan,nan,nan,nan,nan,nan,nan,nan,nan,nan,nan,nan,nan,nan,nan,nan,nan,nan,nan,nan,nan,nan,nan,nan,nan,nan,nan,nan,nan,nan,nan,nan,nan,nan,0,200555,nan,nan,nan,nan,nan,nan,nan,nan,nan,nan
2025/09/03 11:00:00,nan,nan,nan,nan,nan,nan,nan,nan,nan,nan,nan,nan,nan,nan,nan,nan,nan,nan,nan,nan,nan,nan,nan,nan,nan,nan,nan,nan,nan,nan,nan,nan,nan,nan,nan,nan,nan,nan,nan,nan,nan,nan,nan,nan,nan,nan,nan,nan,nan,nan,nan,nan,nan,nan,nan,nan,nan,nan,0,200555,nan,nan,nan,nan,nan,nan,nan,nan,nan,nan
2025/09/03 12:00:00,nan,nan,nan,nan,nan,nan,nan,nan,nan,nan,nan,nan,nan,nan,nan,nan,nan,nan,nan,nan,nan,nan,nan,nan,nan,nan,nan,nan,nan,nan,nan,nan,nan,nan,nan,nan,nan,nan,nan,nan,nan,nan,nan,nan,nan,nan,nan,nan,nan,nan,nan,nan,nan,nan,nan,nan,nan,nan,0,200555,nan,nan,nan,nan,nan,nan,nan,nan,nan,nan
2025/09/03 13:00:00,nan,nan,nan,nan,nan,nan,nan,nan,nan,nan,nan,nan,nan,nan,nan,nan,nan,nan,nan,nan,nan,nan,nan,nan,nan,nan,nan,nan,nan,nan,nan,nan,nan,nan,nan,nan,nan,nan,nan,nan,nan,nan,nan,nan,nan,nan,nan,nan,nan,nan,nan,nan,nan,nan,nan,nan,nan,nan,0,201118,nan,nan,nan,nan,nan,nan,nan,nan,nan,nan
2025/09/03 14:00:00,nan,nan,nan,nan,nan,nan,nan,nan,nan,nan,nan,nan,nan,nan,nan,nan,nan,nan,nan,nan,nan,nan,nan,nan,nan,nan,nan,nan,nan,nan,nan,nan,nan,nan,nan,nan,nan,nan,nan,nan,nan,nan,nan,nan,nan,nan,nan,nan,nan,nan,nan,nan,nan,nan,nan,nan,nan,nan,0,203145,nan,nan,nan,nan,nan,nan,nan,nan,nan,nan
2025/09/03 15:00:00,nan,nan,nan,nan,nan,nan,nan,nan,nan,nan,nan,nan,nan,nan,nan,nan,nan,nan,nan,nan,nan,nan,nan,nan,nan,nan,nan,nan,nan,nan,nan,nan,nan,nan,nan,nan,nan,nan,nan,nan,nan,nan,nan,nan,nan,nan,nan,nan,nan,nan,nan,nan,nan,nan,nan,nan,nan,nan,0,205193,nan,nan,nan,nan,nan,nan,nan,nan,nan,nan
2025/09/03 16:00:00,nan,nan,nan,nan,nan,nan,nan,nan,nan,nan,nan,nan,nan,nan,nan,nan,nan,nan,nan,nan,nan,nan,nan,nan,nan,nan,nan,nan,nan,nan,nan,nan,nan,nan,nan,nan,nan,nan,nan,nan,nan,nan,nan,nan,nan,nan,nan,nan,nan,nan,nan,nan,nan,nan,nan,nan,nan,nan,0,207063,nan,nan,nan,nan,nan,nan,nan,nan,nan,nan
2025/09/03 17:00:00,nan,nan,nan,nan,nan,nan,nan,nan,nan,nan,nan,nan,nan,nan,nan,nan,nan,nan,nan,nan,nan,nan,nan,nan,nan,nan,nan,nan,nan,nan,nan,nan,nan,nan,nan,nan,nan,nan,nan,nan,nan,nan,nan,nan,nan,nan,nan,nan,nan,nan,nan,nan,nan,nan,nan,nan,nan,nan,0,209301,nan,nan,nan,nan,nan,nan,nan,nan,nan,nan
2025/09/03 18:00:00,nan,nan,nan,nan,nan,nan,nan,nan,nan,nan,nan,nan,nan,nan,nan,nan,nan,nan,nan,nan,nan,nan,nan,nan,nan,nan,nan,nan,nan,nan,nan,nan,nan,nan,nan,nan,nan,nan,nan,nan,nan,nan,nan,nan,nan,nan,nan,nan,nan,nan,nan,nan,nan,nan,nan,nan,nan,nan,0,211063,nan,nan,nan,nan,nan,nan,nan,nan,nan,nan
2025/09/03 19:00:00,nan,nan,nan,nan,nan,nan,nan,nan,nan,nan,nan,nan,nan,nan,nan,nan,nan,nan,nan,nan,nan,nan,nan,nan,nan,nan,nan,nan,nan,nan,nan,nan,nan,nan,nan,nan,nan,nan,nan,nan,nan,nan,nan,nan,nan,nan,nan,nan,nan,nan,nan,nan,nan,nan,nan,nan,nan,nan,0,213302,nan,nan,nan,nan,nan,nan,nan,nan,nan,nan
2025/09/03 20:00:00,nan,nan,nan,nan,nan,nan,nan,nan,nan,nan,nan,nan,nan,nan,nan,nan,nan,nan,nan,nan,nan,nan,nan,nan,nan,nan,nan,nan,nan,nan,nan,nan,nan,nan,nan,nan,nan,nan,nan,nan,nan,nan,nan,nan,nan,nan,nan,nan,nan,nan,nan,nan,nan,nan,nan,nan,nan,nan,0,215518,nan,nan,nan,nan,nan,nan,nan,nan,nan,nan
2025/09/03 21:00:00,nan,nan,nan,nan,nan,nan,nan,nan,nan,nan,nan,nan,nan,nan,nan,nan,nan,nan,nan,nan,nan,nan,nan,nan,nan,nan,nan,nan,nan,nan,nan,nan,nan,nan,nan,nan,nan,nan,nan,nan,nan,nan,nan,nan,nan,nan,nan,nan,nan,nan,nan,nan,nan,nan,nan,nan,nan,nan,0,217832,nan,nan,nan,nan,nan,nan,nan,nan,nan,nan
2025/09/03 22:00:00,nan,nan,nan,nan,nan,nan,nan,nan,nan,nan,nan,nan,nan,nan,nan,nan,nan,nan,nan,nan,nan,nan,nan,nan,nan,nan,nan,nan,nan,nan,nan,nan,nan,nan,nan,nan,nan,nan,nan,nan,nan,nan,nan,nan,nan,nan,nan,nan,nan,nan,nan,nan,nan,nan,nan,nan,nan,nan,0,220006,nan,nan,nan,nan,nan,nan,nan,nan,nan,nan
2025/09/03 23:00:00,nan,nan,nan,nan,nan,nan,nan,nan,nan,nan,nan,nan,nan,nan,nan,nan,nan,nan,nan,nan,nan,nan,nan,nan,nan,nan,nan,nan,nan,nan,nan,nan,nan,nan,nan,nan,nan,nan,nan,nan,nan,nan,nan,nan,nan,nan,nan,nan,nan,nan,nan,nan,nan,nan,nan,nan,nan,nan,0,222283,nan,nan,nan,nan,nan,nan,nan,nan,nan,nan
2025/09/04 00:00:00,nan,nan,nan,nan,nan,nan,nan,nan,nan,nan,nan,nan,nan,nan,nan,nan,nan,nan,nan,nan,nan,nan,nan,nan,nan,nan,nan,nan,nan,nan,nan,nan,nan,nan,nan,nan,nan,nan,nan,nan,nan,nan,nan,nan,nan,nan,nan,nan,nan,nan,nan,nan,nan,nan,nan,nan,nan,nan,0,224347,nan,nan,nan,nan,nan,nan,nan,nan,nan,nan
2025/09/04 01:00:00,nan,nan,nan,nan,nan,nan,nan,nan,nan,nan,nan,nan,nan,nan,nan,nan,nan,nan,nan,nan,nan,nan,nan,nan,nan,nan,nan,nan,nan,nan,nan,nan,nan,nan,nan,nan,nan,nan,nan,nan,nan,nan,nan,nan,nan,nan,nan,nan,nan,nan,nan,nan,nan,nan,nan,nan,nan,nan,0,226149,nan,nan,nan,nan,nan,nan,nan,nan,nan,nan
2025/09/04 02:00:00,nan,nan,nan,nan,nan,nan,nan,nan,nan,nan,nan,nan,nan,nan,nan,nan,nan,nan,nan,nan,nan,nan,nan,nan,nan,nan,nan,nan,nan,nan,nan,nan,nan,nan,nan,nan,nan,nan,nan,nan,nan,nan,nan,nan,nan,nan,nan,nan,nan,nan,nan,nan,nan,nan,nan,nan,nan,nan,0,226400,nan,nan,nan,nan,nan,nan,nan,nan,nan,nan
2025/09/04 03:00:00,nan,nan,nan,nan,nan,nan,nan,nan,nan,nan,nan,nan,nan,nan,nan,nan,nan,nan,nan,nan,nan,nan,nan,nan,nan,nan,nan,nan,nan,nan,nan,nan,nan,nan,nan,nan,nan,nan,nan,nan,nan,nan,nan,nan,nan,nan,nan,nan,nan,nan,nan,nan,nan,nan,nan,nan,nan,nan,0,226400,nan,nan,nan,nan,nan,nan,nan,nan,nan,nan
2025/09/04 04:00:00,nan,nan,nan,nan,nan,nan,nan,nan,nan,nan,nan,nan,nan,nan,nan,nan,nan,nan,nan,nan,nan,nan,nan,nan,nan,nan,nan,nan,nan,nan,nan,nan,nan,nan,nan,nan,nan,nan,nan,nan,nan,nan,nan,nan,nan,nan,nan,nan,nan,nan,nan,nan,nan,nan,nan,nan,nan,nan,0,226400,nan,nan,nan,nan,nan,nan,nan,nan,nan,nan
2025/09/04 05:00:00,nan,nan,nan,nan,nan,nan,nan,nan,nan,nan,nan,nan,nan,nan,nan,nan,nan,nan,nan,nan,nan,nan,nan,nan,nan,nan,nan,nan,nan,nan,nan,nan,nan,nan,nan,nan,nan,nan,nan,nan,nan,nan,nan,nan,nan,nan,nan,nan,nan,nan,nan,nan,nan,nan,nan,nan,nan,nan,0,226400,nan,nan,nan,nan,nan,nan,nan,nan,nan,nan
2025/09/04 06:00:00,nan,nan,nan,nan,nan,nan,nan,nan,nan,nan,nan,nan,nan,nan,nan,nan,nan,nan,nan,nan,nan,nan,nan,nan,nan,nan,nan,nan,nan,nan,nan,nan,nan,nan,nan,nan,nan,nan,nan,nan,nan,nan,nan,nan,nan,nan,nan,nan,nan,nan,nan,nan,nan,nan,nan,nan,nan,nan,0,226400,nan,nan,nan,nan,nan,nan,nan,nan,nan,nan
2025/09/04 07:00:00,nan,nan,nan,nan,nan,nan,nan,nan,nan,nan,nan,nan,nan,nan,nan,nan,nan,nan,nan,nan,nan,nan,nan,nan,nan,nan,nan,nan,nan,nan,nan,nan,nan,nan,nan,nan,nan,nan,nan,nan,nan,nan,nan,nan,nan,nan,nan,nan,nan,nan,nan,nan,nan,nan,nan,nan,nan,nan,0,226400,nan,nan,nan,nan,nan,nan,nan,nan,nan,nan
2025/09/04 08:00:00,nan,nan,nan,nan,nan,nan,nan,nan,nan,nan,nan,nan,nan,nan,nan,nan,nan,nan,nan,nan,nan,nan,nan,nan,nan,nan,nan,nan,nan,nan,nan,nan,nan,nan,nan,nan,nan,nan,nan,nan,nan,nan,nan,nan,nan,nan,nan,nan,nan,nan,nan,nan,nan,nan,nan,nan,nan,nan,0,226400,nan,nan,nan,nan,nan,nan,nan,nan,nan,nan
2025/09/04 09:00:00,nan,nan,nan,nan,nan,nan,nan,nan,nan,nan,nan,nan,nan,nan,nan,nan,nan,nan,nan,nan,nan,nan,nan,nan,nan,nan,nan,nan,nan,nan,nan,nan,nan,nan,nan,nan,nan,nan,nan,nan,nan,nan,nan,nan,nan,nan,nan,nan,nan,nan,nan,nan,nan,nan,nan,nan,nan,nan,0,226400,nan,nan,nan,nan,nan,nan,nan,nan,nan,nan
2025/09/04 10:00:00,nan,nan,nan,nan,nan,nan,nan,nan,nan,nan,nan,nan,nan,nan,nan,nan,nan,nan,nan,nan,nan,nan,nan,nan,nan,nan,nan,nan,nan,nan,nan,nan,nan,nan,nan,nan,nan,nan,nan,nan,nan,nan,nan,nan,nan,nan,nan,nan,nan,nan,nan,nan,nan,nan,nan,nan,nan,nan,0,226400,nan,nan,nan,nan,nan,nan,nan,nan,nan,nan
2025/09/04 11:00:00,nan,nan,nan,nan,nan,nan,nan,nan,nan,nan,nan,nan,nan,nan,nan,nan,nan,nan,nan,nan,nan,nan,nan,nan,nan,nan,nan,nan,nan,nan,nan,nan,nan,nan,nan,nan,nan,nan,nan,nan,nan,nan,nan,nan,nan,nan,nan,nan,nan,nan,nan,nan,nan,nan,nan,nan,nan,nan,0,226400,nan,nan,nan,nan,nan,nan,nan,nan,nan,nan
2025/09/04 12:00:00,nan,nan,nan,nan,nan,nan,nan,nan,nan,nan,nan,nan,nan,nan,nan,nan,nan,nan,nan,nan,nan,nan,nan,nan,nan,nan,nan,nan,nan,nan,nan,nan,nan,nan,nan,nan,nan,nan,nan,nan,nan,nan,nan,nan,nan,nan,nan,nan,nan,nan,nan,nan,nan,nan,nan,nan,nan,nan,0,226400,nan,nan,nan,nan,nan,nan,nan,nan,nan,nan
2025/09/04 13:00:00,nan,nan,nan,nan,nan,nan,nan,nan,nan,nan,nan,nan,nan,nan,nan,nan,nan,nan,nan,nan,nan,nan,nan,nan,nan,nan,nan,nan,nan,nan,nan,nan,nan,nan,nan,nan,nan,nan,nan,nan,nan,nan,nan,nan,nan,nan,nan,nan,nan,nan,nan,nan,nan,nan,nan,nan,nan,nan,0,227580,nan,nan,nan,nan,nan,nan,nan,nan,nan,nan
2025/09/04 14:00:00,nan,nan,nan,nan,nan,nan,nan,nan,nan,nan,nan,nan,nan,nan,nan,nan,nan,nan,nan,nan,nan,nan,nan,nan,nan,nan,nan,nan,nan,nan,nan,nan,nan,nan,nan,nan,nan,nan,nan,nan,nan,nan,nan,nan,nan,nan,nan,nan,nan,nan,nan,nan,nan,nan,nan,nan,nan,nan,0,229602,nan,nan,nan,nan,nan,nan,nan,nan,nan,nan
2025/09/04 15:00:00,nan,nan,nan,nan,nan,nan,nan,nan,nan,nan,nan,nan,nan,nan,nan,nan,nan,nan,nan,nan,nan,nan,nan,nan,nan,nan,nan,nan,nan,nan,nan,nan,nan,nan,nan,nan,nan,nan,nan,nan,nan,nan,nan,nan,nan,nan,nan,nan,nan,nan,nan,nan,nan,nan,nan,nan,nan,nan,0,231792,nan,nan,nan,nan,nan,nan,nan,nan,nan,nan
2025/09/04 16:00:00,nan,nan,nan,nan,nan,nan,nan,nan,nan,nan,nan,nan,nan,nan,nan,nan,nan,nan,nan,nan,nan,nan,nan,nan,nan,nan,nan,nan,nan,nan,nan,nan,nan,nan,nan,nan,nan,nan,nan,nan,nan,nan,nan,nan,nan,nan,nan,nan,nan,nan,nan,nan,nan,nan,nan,nan,nan,nan,0,234041,nan,nan,nan,nan,nan,nan,nan,nan,nan,nan
2025/09/04 17:00:00,nan,nan,nan,nan,nan,nan,nan,nan,nan,nan,nan,nan,nan,nan,nan,nan,nan,nan,nan,nan,nan,nan,nan,nan,nan,nan,nan,nan,nan,nan,nan,nan,nan,nan,nan,nan,nan,nan,nan,nan,nan,nan,nan,nan,nan,nan,nan,nan,nan,nan,nan,nan,nan,nan,nan,nan,nan,nan,0,236567,nan,nan,nan,nan,nan,nan,nan,nan,nan,nan
2025/09/04 18:00:00,nan,nan,nan,nan,nan,nan,nan,nan,nan,nan,nan,nan,nan,11,0,nan,nan,nan,nan,nan,nan,nan,nan,nan,nan,nan,nan,nan,nan,nan,0,134,nan,nan,0,nan,0,nan,0,nan,0,nan,nan,nan,nan,0,0,nan,nan,nan,nan,nan,nan,nan,nan,nan,nan,nan,0,238202,nan,nan,nan,nan,nan,nan,nan,nan,nan,nan
2025/09/04 19:00:00,nan,nan,nan,nan,0,nan,nan,0,nan,nan,nan,nan,nan,27,0,nan,nan,nan,nan,nan,nan,nan,nan,nan,nan,nan,nan,nan,nan,nan,0,396,nan,nan,0,nan,0,nan,0,nan,0,nan,nan,nan,nan,0,0,nan,nan,nan,nan,nan,nan,nan,nan,nan,nan,nan,0,241100,nan,nan,nan,nan,nan,nan,nan,nan,nan,nan
2025/09/04 20:00:00,nan,nan,nan,nan,0,nan,nan,0,nan,nan,nan,nan,nan,44,0,nan,nan,nan,nan,nan,nan,nan,nan,nan,nan,nan,nan,nan,nan,nan,0,906,nan,nan,0,nan,0,nan,0,nan,0,nan,nan,nan,nan,0,0,nan,nan,nan,nan,nan,nan,nan,nan,nan,nan,nan,0,243727,nan,nan,nan,nan,nan,nan,nan,nan,nan,nan
2025/09/04 21:00:00,nan,nan,nan,nan,0,nan,nan,0,nan,nan,nan,nan,nan,61,0,nan,nan,nan,nan,nan,nan,nan,nan,nan,nan,nan,nan,nan,nan,nan,0,1537,nan,nan,0,nan,0,nan,0,nan,0,nan,nan,nan,nan,0,0,nan,nan,nan,nan,nan,nan,nan,nan,nan,nan,nan,0,245895,nan,nan,nan,nan,nan,nan,nan,nan,nan,nan
2025/09/04 22:00:00,nan,nan,nan,nan,0,nan,nan,0,nan,nan,nan,nan,nan,80,0,nan,nan,nan,nan,nan,nan,nan,nan,nan,nan,nan,nan,nan,nan,nan,0,2188,nan,nan,0,nan,0,nan,0,nan,0,nan,nan,nan,nan,0,0,nan,nan,nan,nan,nan,nan,nan,nan,nan,nan,nan,0,248419,nan,nan,nan,nan,nan,nan,nan,nan,nan,nan
2025/09/04 23:00:00,nan,nan,nan,nan,0,nan,nan,0,nan,nan,nan,nan,nan,97,0,nan,nan,nan,nan,nan,nan,nan,nan,nan,nan,nan,nan,nan,nan,nan,0,2531,nan,nan,0,nan,0,nan,0,nan,0,nan,nan,nan,nan,0,0,nan,nan,nan,nan,nan,nan,nan,nan,nan,nan,nan,0,250964,nan,nan,nan,nan,nan,nan,nan,nan,nan,nan
2025/09/05 00:00:00,nan,nan,nan,nan,0,nan,nan,0,nan,nan,nan,nan,nan,114,0,nan,nan,nan,nan,nan,nan,nan,nan,nan,nan,nan,nan,nan,nan,nan,0,3194,nan,nan,0,nan,0,nan,0,nan,0,nan,nan,nan,nan,0,0,nan,nan,nan,nan,nan,nan,nan,nan,nan,nan,nan,0,253385,nan,nan,nan,nan,nan,nan,nan,nan,nan,nan
2025/09/05 01:00:00,nan,nan,nan,nan,0,nan,nan,0,nan,nan,nan,nan,nan,130,0,nan,nan,nan,nan,nan,nan,nan,nan,nan,nan,nan,nan,nan,nan,nan,0,3825,nan,nan,0,nan,0,nan,0,nan,0,nan,nan,nan,nan,0,0,nan,nan,nan,nan,nan,nan,nan,nan,nan,nan,nan,0,255654,nan,nan,nan,nan,nan,nan,nan,nan,nan,nan
2025/09/05 02:00:00,nan,nan,nan,nan,0,nan,nan,0,nan,nan,nan,nan,nan,147,0,nan,nan,nan,nan,nan,nan,nan,nan,nan,nan,nan,nan,nan,nan,nan,0,4361,nan,nan,0,nan,0,nan,0,nan,0,nan,nan,nan,nan,0,0,nan,nan,nan,nan,nan,nan,nan,nan,nan,nan,nan,0,257531,nan,nan,nan,nan,nan,nan,nan,nan,nan,nan
2025/09/05 03:00:00,nan,nan,nan,nan,0,nan,nan,0,nan,nan,nan,nan,nan,164,0,nan,nan,nan,nan,nan,nan,nan,nan,nan,nan,nan,nan,nan,nan,nan,0,4565,nan,nan,0,nan,0,nan,0,nan,0,nan,nan,nan,nan,0,0,nan,nan,nan,nan,nan,nan,nan,nan,nan,nan,nan,0,257644,nan,nan,nan,nan,nan,nan,nan,nan,nan,nan
2025/09/05 04:00:00,nan,nan,nan,nan,0,nan,nan,0,nan,nan,nan,nan,nan,182,0,nan,nan,nan,nan,nan,nan,nan,nan,nan,nan,nan,nan,nan,nan,nan,0,4770,nan,nan,0,nan,0,nan,0,nan,0,nan,nan,nan,nan,0,0,nan,nan,nan,nan,nan,nan,nan,nan,nan,nan,nan,0,257644,nan,nan,nan,nan,nan,nan,nan,nan,nan,nan
2025/09/05 05:00:00,nan,nan,nan,nan,0,nan,nan,0,nan,nan,nan,nan,nan,200,0,nan,nan,nan,nan,nan,nan,nan,nan,nan,nan,nan,nan,nan,nan,nan,0,4983,nan,nan,0,nan,0,nan,0,nan,0,nan,nan,nan,nan,0,0,nan,nan,nan,nan,nan,nan,nan,nan,nan,nan,nan,0,257644,nan,nan,nan,nan,nan,nan,nan,nan,nan,nan
2025/09/05 06:00:00,nan,nan,nan,nan,0,nan,nan,0,nan,nan,nan,nan,nan,217,0,nan,nan,nan,nan,nan,nan,nan,nan,nan,nan,nan,nan,nan,nan,nan,0,5203,nan,nan,0,nan,0,nan,0,nan,0,nan,nan,nan,nan,0,0,nan,nan,nan,nan,nan,nan,nan,nan,nan,nan,nan,0,257644,nan,nan,nan,nan,nan,nan,nan,nan,nan,nan
2025/09/05 07:00:00,nan,nan,nan,nan,0,nan,nan,0,nan,nan,nan,nan,nan,234,0,nan,nan,nan,nan,nan,nan,nan,nan,nan,nan,nan,nan,nan,nan,nan,0,5456,nan,nan,0,nan,0,nan,0,nan,0,nan,nan,nan,nan,0,0,nan,nan,nan,nan,nan,nan,nan,nan,nan,nan,nan,0,257644,nan,nan,nan,nan,nan,nan,nan,nan,nan,nan
2025/09/05 08:00:00,nan,nan,nan,nan,0,nan,nan,0,nan,nan,nan,nan,nan,252,0,nan,nan,nan,nan,nan,nan,nan,nan,nan,nan,nan,nan,nan,nan,nan,0,5656,nan,nan,0,nan,0,nan,0,nan,0,nan,nan,nan,nan,0,0,nan,nan,nan,nan,nan,nan,nan,nan,nan,nan,nan,0,257644,nan,nan,nan,nan,nan,nan,nan,nan,nan,nan
2025/09/05 09:00:00,nan,nan,nan,nan,0,nan,nan,0,nan,nan,nan,nan,nan,269,0,nan,nan,nan,nan,nan,nan,nan,nan,nan,nan,nan,nan,nan,nan,nan,0,5945,nan,nan,0,nan,0,nan,0,nan,0,nan,nan,nan,nan,0,0,nan,nan,nan,nan,nan,nan,nan,nan,nan,nan,nan,0,257644,nan,nan,nan,nan,nan,nan,nan,nan,nan,nan
2025/09/05 10:00:00,nan,nan,nan,nan,0,nan,nan,0,nan,nan,nan,nan,nan,286,0,nan,nan,nan,nan,nan,nan,nan,nan,nan,nan,nan,nan,nan,nan,nan,0,6144,nan,nan,0,nan,0,nan,0,nan,0,nan,nan,nan,nan,0,0,nan,nan,nan,nan,nan,nan,nan,nan,nan,nan,nan,0,257644,nan,nan,nan,nan,nan,nan,nan,nan,nan,nan
2025/09/05 11:00:00,nan,nan,nan,nan,0,nan,nan,0,nan,nan,nan,nan,nan,303,0,nan,nan,nan,nan,nan,nan,nan,nan,nan,nan,nan,nan,nan,nan,nan,0,6144,nan,nan,0,nan,0,nan,0,nan,0,nan,nan,nan,nan,0,0,nan,nan,nan,nan,nan,nan,nan,nan,nan,nan,nan,0,257644,nan,nan,nan,nan,nan,nan,nan,nan,nan,nan
2025/09/05 12:00:00,nan,nan,nan,nan,0,nan,nan,0,nan,nan,nan,nan,nan,319,0,nan,nan,nan,nan,nan,nan,nan,nan,nan,nan,nan,nan,nan,nan,nan,0,6144,nan,nan,0,nan,0,nan,0,nan,0,nan,nan,nan,nan,0,0,nan,nan,nan,nan,nan,nan,nan,nan,nan,nan,nan,0,257644,nan,nan,nan,nan,nan,nan,nan,nan,nan,nan
2025/09/05 13:00:00,nan,nan,nan,nan,0,nan,nan,0,nan,nan,nan,nan,nan,336,0,nan,nan,nan,nan,nan,nan,nan,nan,nan,nan,nan,nan,nan,nan,nan,0,6177,nan,nan,0,nan,0,nan,0,nan,0,nan,nan,nan,nan,0,0,nan,nan,nan,nan,nan,nan,nan,nan,nan,nan,nan,0,258140,nan,nan,nan,nan,nan,nan,nan,nan,nan,nan
2025/09/05 14:00:00,nan,nan,nan,nan,0,nan,nan,0,nan,nan,nan,nan,nan,353,0,nan,nan,nan,nan,nan,nan,nan,nan,nan,nan,nan,nan,nan,nan,nan,0,6503,nan,nan,0,nan,0,nan,0,nan,0,nan,nan,nan,nan,0,0,nan,nan,nan,nan,nan,nan,nan,nan,nan,nan,nan,0,260104,nan,nan,nan,nan,nan,nan,nan,nan,nan,nan
2025/09/05 15:00:00,nan,nan,nan,nan,0,nan,nan,0,nan,nan,nan,nan,nan,370,0,nan,nan,nan,nan,nan,nan,nan,nan,nan,nan,nan,nan,nan,nan,nan,0,7033,nan,nan,0,nan,0,nan,0,nan,0,nan,nan,nan,nan,0,0,nan,nan,nan,nan,nan,nan,nan,nan,nan,nan,nan,0,261983,nan,nan,nan,nan,nan,nan,nan,nan,nan,nan
2025/09/05 16:00:00,nan,nan,nan,nan,0,nan,nan,0,nan,nan,nan,nan,nan,386,0,nan,nan,nan,nan,nan,nan,nan,nan,nan,nan,nan,nan,nan,nan,nan,0,7365,nan,nan,0,nan,0,nan,0,nan,0,nan,nan,nan,nan,0,0,nan,nan,nan,nan,nan,nan,nan,nan,nan,nan,nan,0,264626,nan,nan,nan,nan,nan,nan,nan,nan,nan,nan
2025/09/05 17:00:00,nan,nan,nan,nan,0,nan,nan,0,nan,nan,nan,nan,nan,402,0,nan,nan,nan,nan,nan,nan,nan,nan,nan,nan,nan,nan,nan,nan,nan,0,7828,nan,nan,0,nan,0,nan,0,nan,0,nan,nan,nan,nan,0,0,nan,nan,nan,nan,nan,nan,nan,nan,nan,nan,nan,0,267365,nan,nan,nan,nan,nan,nan,nan,nan,nan,nan
2025/09/05 18:00:00,nan,nan,nan,nan,0,nan,nan,0,nan,nan,nan,nan,nan,419,0,nan,nan,nan,nan,nan,nan,nan,nan,nan,nan,nan,nan,nan,nan,nan,0,8186,nan,nan,0,nan,0,nan,0,nan,0,nan,nan,nan,nan,0,0,nan,nan,nan,nan,nan,nan,nan,nan,nan,nan,nan,0,269013,nan,nan,nan,nan,nan,nan,nan,nan,nan,nan
2025/09/05 19:00:00,nan,nan,nan,nan,0,nan,nan,0,nan,nan,nan,nan,nan,435,0,nan,nan,nan,nan,nan,nan,nan,nan,nan,nan,nan,nan,nan,nan,nan,0,8485,nan,nan,0,nan,0,nan,0,nan,0,nan,nan,nan,nan,0,0,nan,nan,nan,nan,nan,nan,nan,nan,nan,nan,nan,0,271576,nan,nan,nan,nan,nan,nan,nan,nan,nan,nan
2025/09/05 20:00:00,nan,nan,nan,nan,0,nan,nan,0,nan,nan,nan,nan,nan,451,0,nan,nan,nan,nan,nan,nan,nan,nan,nan,nan,nan,nan,nan,nan,nan,0,8798,nan,nan,0,nan,0,nan,0,nan,0,nan,nan,nan,nan,0,0,nan,nan,nan,nan,nan,nan,nan,nan,nan,nan,nan,0,274313,nan,nan,nan,nan,nan,nan,nan,nan,nan,nan
2025/09/05 21:00:00,nan,nan,nan,nan,0,nan,nan,0,nan,nan,nan,nan,nan,467,0,nan,nan,nan,nan,nan,nan,nan,nan,nan,nan,nan,nan,nan,nan,nan,0,9160,nan,nan,0,nan,0,nan,0,nan,0,nan,nan,nan,nan,0,0,nan,nan,nan,nan,nan,nan,nan,nan,nan,nan,nan,0,276582,nan,nan,nan,nan,nan,nan,nan,nan,nan,nan
2025/09/05 22:00:00,nan,nan,nan,nan,0,nan,nan,0,nan,nan,nan,nan,nan,484,0,nan,nan,nan,nan,nan,nan,nan,nan,nan,nan,nan,nan,nan,nan,nan,0,9444,nan,nan,0,nan,0,nan,0,nan,0,nan,nan,nan,nan,0,0,nan,nan,nan,nan,nan,nan,nan,nan,nan,nan,nan,0,279137,nan,nan,nan,nan,nan,nan,nan,nan,nan,nan
2025/09/05 23:00:00,nan,nan,nan,nan,0,nan,nan,0,nan,nan,nan,nan,nan,500,0,nan,nan,nan,nan,nan,nan,nan,nan,nan,nan,nan,nan,nan,nan,nan,0,9692,nan,nan,0,nan,0,nan,0,nan,0,nan,nan,nan,nan,0,0,nan,nan,nan,nan,nan,nan,nan,nan,nan,nan,nan,0,281741,nan,nan,nan,nan,nan,nan,nan,nan,nan,nan
2025/09/06 00:00:00,nan,nan,nan,nan,0,nan,nan,0,nan,nan,nan,nan,nan,517,0,nan,nan,nan,nan,nan,nan,nan,nan,nan,nan,nan,nan,nan,nan,nan,0,9940,nan,nan,0,nan,0,nan,0,nan,0,nan,nan,nan,nan,0,0,nan,nan,nan,nan,nan,nan,nan,nan,nan,nan,nan,0,284322,nan,nan,nan,nan,nan,nan,nan,nan,nan,nan
2025/09/06 01:00:00,nan,nan,nan,nan,0,nan,nan,0,nan,nan,nan,nan,nan,533,0,nan,nan,nan,nan,nan,nan,nan,nan,nan,nan,nan,nan,nan,nan,nan,0,10191,nan,nan,0,nan,0,nan,0,nan,0,nan,nan,nan,nan,0,0,nan,nan,nan,nan,nan,nan,nan,nan,nan,nan,nan,0,286492,nan,nan,nan,nan,nan,nan,nan,nan,nan,nan
2025/09/06 02:00:00,nan,nan,nan,nan,0,nan,nan,0,nan,nan,nan,nan,nan,550,0,nan,nan,nan,nan,nan,nan,nan,nan,nan,nan,nan,nan,nan,nan,nan,0,10400,nan,nan,0,nan,0,nan,0,nan,0,nan,nan,nan,nan,0,0,nan,nan,nan,nan,nan,nan,nan,nan,nan,nan,nan,0,288594,nan,nan,nan,nan,nan,nan,nan,nan,nan,nan
2025/09/06 03:00:00,nan,nan,nan,nan,0,nan,nan,0,nan,nan,nan,nan,nan,567,0,nan,nan,nan,nan,nan,nan,nan,nan,nan,nan,nan,nan,nan,nan,nan,0,10639,nan,nan,0,nan,0,nan,0,nan,0,nan,nan,nan,nan,0,0,nan,nan,nan,nan,nan,nan,nan,nan,nan,nan,nan,0,290441,nan,nan,nan,nan,nan,nan,nan,nan,nan,nan
2025/09/06 04:00:00,nan,nan,nan,nan,0,nan,nan,0,nan,nan,nan,nan,nan,585,0,nan,nan,nan,nan,nan,nan,nan,nan,nan,nan,nan,nan,nan,nan,nan,0,10877,nan,nan,0,nan,0,nan,0,nan,0,nan,nan,nan,nan,0,0,nan,nan,nan,nan,nan,nan,nan,nan,nan,nan,nan,0,290441,nan,nan,nan,nan,nan,nan,nan,nan,nan,nan
2025/09/06 05:00:00,nan,nan,nan,nan,0,nan,nan,0,nan,nan,nan,nan,nan,602,0,nan,nan,nan,nan,nan,nan,nan,nan,nan,nan,nan,nan,nan,nan,nan,0,11174,nan,nan,0,nan,0,nan,0,nan,0,nan,nan,nan,nan,0,0,nan,nan,nan,nan,nan,nan,nan,nan,nan,nan,nan,0,290441,nan,nan,nan,nan,nan,nan,nan,nan,nan,nan
2025/09/06 06:00:00,nan,nan,nan,nan,0,nan,nan,0,nan,nan,nan,nan,nan,619,0,nan,nan,nan,nan,nan,nan,nan,nan,nan,nan,nan,nan,nan,nan,nan,0,11374,nan,nan,0,nan,0,nan,0,nan,0,nan,nan,nan,nan,0,0,nan,nan,nan,nan,nan,nan,nan,nan,nan,nan,nan,0,290441,nan,nan,nan,nan,nan,nan,nan,nan,nan,nan
2025/09/06 07:00:00,nan,nan,nan,nan,0,nan,nan,0,nan,nan,nan,nan,nan,635,0,nan,nan,nan,nan,nan,nan,nan,nan,nan,nan,nan,nan,nan,nan,nan,0,11573,nan,nan,0,nan,0,nan,0,nan,0,nan,nan,nan,nan,0,0,nan,nan,nan,nan,nan,nan,nan,nan,nan,nan,nan,0,290441,nan,nan,nan,nan,nan,nan,nan,nan,nan,nan
2025/09/06 08:00:00,nan,nan,nan,nan,0,nan,nan,0,nan,nan,nan,nan,nan,652,0,nan,nan,nan,nan,nan,nan,nan,nan,nan,nan,nan,nan,nan,nan,nan,0,11773,nan,nan,0,nan,0,nan,0,nan,0,nan,nan,nan,nan,0,0,nan,nan,nan,nan,nan,nan,nan,nan,nan,nan,nan,0,290441,nan,nan,nan,nan,nan,nan,nan,nan,nan,nan
2025/09/06 09:00:00,nan,nan,nan,nan,0,nan,nan,0,nan,nan,nan,nan,nan,669,0,nan,nan,nan,nan,nan,nan,nan,nan,nan,nan,nan,nan,nan,nan,nan,0,11972,nan,nan,0,nan,0,nan,0,nan,0,nan,nan,nan,nan,0,0,nan,nan,nan,nan,nan,nan,nan,nan,nan,nan,nan,0,290441,nan,nan,nan,nan,nan,nan,nan,nan,nan,nan
2025/09/06 10:00:00,nan,nan,nan,nan,0,nan,nan,0,nan,nan,nan,nan,nan,685,0,nan,nan,nan,nan,nan,nan,nan,nan,nan,nan,nan,nan,nan,nan,nan,0,12171,nan,nan,0,nan,0,nan,0,nan,0,nan,nan,nan,nan,0,0,nan,nan,nan,nan,nan,nan,nan,nan,nan,nan,nan,0,290441,nan,nan,nan,nan,nan,nan,nan,nan,nan,nan
2025/09/06 11:00:00,nan,nan,nan,nan,0,nan,nan,0,nan,nan,nan,nan,nan,702,0,nan,nan,nan,nan,nan,nan,nan,nan,nan,nan,nan,nan,nan,nan,nan,0,12371,nan,nan,0,nan,0,nan,0,nan,0,nan,nan,nan,nan,0,0,nan,nan,nan,nan,nan,nan,nan,nan,nan,nan,nan,0,290441,nan,nan,nan,nan,nan,nan,nan,nan,nan,nan
2025/09/06 12:00:00,nan,nan,nan,nan,0,nan,nan,0,nan,nan,nan,nan,nan,718,0,nan,nan,nan,nan,nan,nan,nan,nan,nan,nan,nan,nan,nan,nan,nan,0,12570,nan,nan,0,nan,0,nan,0,nan,0,nan,nan,nan,nan,0,0,nan,nan,nan,nan,nan,nan,nan,nan,nan,nan,nan,0,290441,nan,nan,nan,nan,nan,nan,nan,nan,nan,nan
2025/09/06 13:00:00,nan,nan,nan,nan,0,nan,nan,0,nan,nan,nan,nan,nan,735,0,nan,nan,nan,nan,nan,nan,nan,nan,nan,nan,nan,nan,nan,nan,nan,0,12766,nan,nan,0,nan,0,nan,0,nan,0,nan,nan,nan,nan,0,0,nan,nan,nan,nan,nan,nan,nan,nan,nan,nan,nan,0,291048,nan,nan,nan,nan,nan,nan,nan,nan,nan,nan
2025/09/06 14:00:00,nan,nan,nan,nan,0,nan,nan,0,nan,nan,nan,nan,nan,752,0,nan,nan,nan,nan,nan,nan,nan,nan,nan,nan,nan,nan,nan,nan,nan,0,13047,nan,nan,0,nan,0,nan,0,nan,0,nan,nan,nan,nan,0,0,nan,nan,nan,nan,nan,nan,nan,nan,nan,nan,nan,0,292970,nan,nan,nan,nan,nan,nan,nan,nan,nan,nan
2025/09/06 15:00:00,nan,nan,nan,nan,0,nan,nan,0,nan,nan,nan,nan,nan,768,0,nan,nan,nan,nan,nan,nan,nan,nan,nan,nan,nan,nan,nan,nan,nan,0,13471,nan,nan,0,nan,0,nan,0,nan,0,nan,nan,nan,nan,0,0,nan,nan,nan,nan,nan,nan,nan,nan,nan,nan,nan,0,295195,nan,nan,nan,nan,nan,nan,nan,nan,nan,nan
2025/09/06 16:00:00,nan,nan,nan,nan,0,nan,nan,0,nan,nan,nan,nan,nan,785,0,nan,nan,nan,nan,nan,nan,nan,nan,nan,nan,nan,nan,nan,nan,nan,0,13789,nan,nan,0,nan,0,nan,0,nan,0,nan,nan,nan,nan,0,0,nan,nan,nan,nan,nan,nan,nan,nan,nan,nan,nan,0,297223,nan,nan,nan,nan,nan,nan,nan,nan,nan,nan
2025/09/06 17:00:00,nan,nan,nan,nan,0,nan,nan,0,nan,nan,nan,nan,nan,801,0,nan,nan,nan,nan,nan,nan,nan,nan,nan,nan,nan,nan,nan,nan,nan,0,14105,nan,nan,0,nan,0,nan,0,nan,0,nan,nan,nan,nan,0,0,nan,nan,nan,nan,nan,nan,nan,nan,nan,nan,nan,0,299113,nan,nan,nan,nan,nan,nan,nan,nan,nan,nan
2025/09/06 18:00:00,nan,nan,nan,nan,0,nan,nan,0,nan,nan,nan,nan,nan,817,0,nan,nan,nan,nan,nan,nan,nan,nan,nan,nan,nan,nan,nan,nan,nan,nan,nan,nan,nan,0,nan,0,nan,0,nan,0,nan,nan,nan,nan,0,0,nan,nan,nan,nan,nan,nan,nan,nan,nan,nan,nan,nan,nan,nan,nan,nan,nan,nan,nan,nan,nan,nan,nan
2025/09/06 19:00:00,nan,nan,nan,nan,0,nan,nan,0,nan,nan,nan,nan,nan,834,0,nan,nan,nan,nan,nan,nan,nan,nan,nan,nan,nan,nan,nan,nan,nan,nan,nan,nan,nan,0,nan,0,nan,0,nan,0,nan,nan,nan,nan,0,0,nan,nan,nan,nan,nan,nan,nan,nan,nan,nan,nan,0,302820,nan,nan,nan,nan,nan,nan,nan,nan,nan,nan
2025/09/06 20:00:00,nan,nan,nan,nan,0,nan,nan,0,nan,nan,nan,nan,nan,851,0,nan,nan,nan,nan,nan,nan,nan,nan,nan,nan,nan,nan,nan,nan,nan,nan,nan,nan,nan,0,nan,0,nan,0,nan,0,nan,nan,nan,nan,0,0,nan,nan,nan,nan,nan,nan,nan,nan,nan,nan,nan,0,305250,nan,nan,nan,nan,nan,nan,nan,nan,nan,nan
2025/09/06 21:00:00,nan,nan,nan,nan,0,nan,nan,0,nan,nan,nan,nan,nan,868,0,nan,nan,nan,nan,nan,nan,nan,nan,nan,nan,nan,nan,nan,nan,nan,nan,nan,nan,nan,0,nan,0,nan,0,nan,0,nan,nan,nan,nan,0,0,nan,nan,nan,nan,nan,nan,nan,nan,nan,nan,nan,0,307301,nan,nan,nan,nan,nan,nan,nan,nan,nan,nan
2025/09/06 22:00:00,nan,nan,nan,nan,0,nan,nan,0,nan,nan,nan,nan,nan,886,0,nan,nan,nan,nan,nan,nan,nan,nan,nan,nan,nan,nan,nan,nan,nan,nan,nan,nan,nan,0,nan,0,nan,0,nan,0,nan,nan,nan,nan,0,0,nan,nan,nan,nan,nan,nan,nan,nan,nan,nan,nan,0,309341,nan,nan,nan,nan,nan,nan,nan,nan,nan,nan
2025/09/06 23:00:00,nan,nan,nan,nan,0,nan,nan,0,nan,nan,nan,nan,nan,904,0,nan,nan,nan,nan,nan,nan,nan,nan,nan,nan,nan,nan,nan,nan,nan,nan,nan,nan,nan,0,nan,0,nan,0,nan,0,nan,nan,nan,nan,0,0,nan,nan,nan,nan,nan,nan,nan,nan,nan,nan,nan,0,311219,nan,nan,nan,nan,nan,nan,nan,nan,nan,nan
2025/09/07 00:00:00,nan,nan,nan,nan,0,nan,nan,0,nan,nan,nan,nan,nan,924,0,nan,nan,nan,nan,nan,nan,nan,nan,nan,nan,nan,nan,nan,nan,nan,nan,nan,nan,nan,0,nan,0,nan,0,nan,0,nan,nan,nan,nan,0,0,nan,nan,nan,nan,nan,nan,nan,nan,nan,nan,nan,0,312928,nan,nan,nan,nan,nan,nan,nan,nan,nan,nan
2025/09/07 01:00:00,nan,nan,nan,nan,0,nan,nan,0,nan,nan,nan,nan,nan,942,0,nan,nan,nan,nan,nan,nan,nan,nan,nan,nan,nan,nan,nan,nan,nan,nan,nan,nan,nan,0,nan,0,nan,0,nan,0,nan,nan,nan,nan,0,0,nan,nan,nan,nan,nan,nan,nan,nan,nan,nan,nan,0,314002,nan,nan,nan,nan,nan,nan,nan,nan,nan,nan
2025/09/07 02:00:00,nan,nan,nan,nan,0,nan,nan,0,nan,nan,nan,nan,nan,960,0,nan,nan,nan,nan,nan,nan,nan,nan,nan,nan,nan,nan,nan,nan,nan,nan,nan,nan,nan,0,nan,0,nan,0,nan,0,nan,nan,nan,nan,0,0,nan,nan,nan,nan,nan,nan,nan,nan,nan,nan,nan,0,314002,nan,nan,nan,nan,nan,nan,nan,nan,nan,nan
2025/09/07 03:00:00,nan,nan,nan,nan,0,nan,nan,0,nan,nan,nan,nan,nan,977,0,nan,nan,nan,nan,nan,nan,nan,nan,nan,nan,nan,nan,nan,nan,nan,nan,nan,nan,nan,0,nan,0,nan,0,nan,0,nan,nan,nan,nan,0,0,nan,nan,nan,nan,nan,nan,nan,nan,nan,nan,nan,0,314002,nan,nan,nan,nan,nan,nan,nan,nan,nan,nan
2025/09/07 04:00:00,nan,nan,nan,nan,nan,nan,nan,nan,nan,nan,nan,nan,nan,nan,nan,nan,nan,nan,nan,nan,nan,nan,nan,nan,nan,nan,nan,nan,nan,nan,nan,nan,nan,nan,nan,nan,nan,nan,nan,nan,nan,nan,nan,nan,nan,nan,nan,nan,nan,nan,nan,nan,nan,nan,nan,nan,nan,nan,nan,nan,nan,nan,nan,nan,nan,nan,nan,nan,nan,nan
2025/09/07 05:00:00,nan,nan,nan,nan,nan,nan,nan,nan,nan,nan,nan,nan,nan,991,0,nan,nan,nan,nan,nan,nan,nan,nan,nan,nan,nan,nan,nan,nan,nan,nan,nan,nan,nan,0,nan,0,nan,0,nan,0,nan,nan,nan,nan,0,0,nan,nan,nan,nan,nan,nan,nan,nan,nan,nan,nan,0,314002,nan,nan,nan,nan,nan,nan,nan,nan,nan,nan
2025/09/07 06:00:00,nan,nan,nan,nan,nan,nan,nan,nan,nan,nan,nan,nan,nan,1008,0,nan,nan,nan,nan,nan,nan,nan,nan,nan,nan,nan,nan,nan,nan,nan,nan,nan,nan,nan,0,nan,0,nan,0,nan,0,nan,nan,nan,nan,0,0,nan,nan,nan,nan,nan,nan,nan,nan,nan,nan,nan,0,314002,nan,nan,nan,nan,nan,nan,nan,nan,nan,nan
2025/09/07 07:00:00,nan,nan,nan,nan,nan,nan,nan,nan,nan,nan,nan,nan,nan,1024,0,nan,nan,nan,nan,nan,nan,nan,nan,nan,nan,nan,nan,nan,nan,nan,nan,nan,nan,nan,0,nan,0,nan,0,nan,0,nan,nan,nan,nan,0,0,nan,nan,nan,nan,nan,nan,nan,nan,nan,nan,nan,0,314002,nan,nan,nan,nan,nan,nan,nan,nan,nan,nan
2025/09/07 08:00:00,nan,nan,nan,nan,nan,nan,nan,nan,nan,nan,nan,nan,nan,1041,0,nan,nan,nan,nan,nan,nan,nan,nan,nan,nan,nan,nan,nan,nan,nan,nan,nan,nan,nan,0,nan,0,nan,0,nan,0,nan,nan,nan,nan,0,0,nan,nan,nan,nan,nan,nan,nan,nan,nan,nan,nan,0,314002,nan,nan,nan,nan,nan,nan,nan,nan,nan,nan
2025/09/07 09:00:00,nan,nan,nan,nan,nan,nan,nan,nan,nan,nan,nan,nan,nan,1058,0,nan,nan,nan,nan,nan,nan,nan,nan,nan,nan,nan,nan,nan,nan,nan,nan,nan,nan,nan,0,nan,0,nan,0,nan,0,nan,nan,nan,nan,0,0,nan,nan,nan,nan,nan,nan,nan,nan,nan,nan,nan,0,314002,nan,nan,nan,nan,nan,nan,nan,nan,nan,nan
2025/09/07 10:00:00,nan,nan,nan,nan,nan,nan,nan,nan,nan,nan,nan,nan,nan,1074,0,nan,nan,nan,nan,nan,nan,nan,nan,nan,nan,nan,nan,nan,nan,nan,nan,nan,nan,nan,0,nan,0,nan,0,nan,0,nan,nan,nan,nan,0,0,nan,nan,nan,nan,nan,nan,nan,nan,nan,nan,nan,0,314002,nan,nan,nan,nan,nan,nan,nan,nan,nan,nan
2025/09/07 11:00:00,nan,nan,nan,nan,nan,nan,nan,nan,nan,nan,nan,nan,nan,1091,0,nan,nan,nan,nan,nan,nan,nan,nan,nan,nan,nan,nan,nan,nan,nan,nan,nan,nan,nan,0,nan,0,nan,0,nan,0,nan,nan,nan,nan,0,0,nan,nan,nan,nan,nan,nan,nan,nan,nan,nan,nan,0,314002,nan,nan,nan,nan,nan,nan,nan,nan,nan,nan
2025/09/07 12:00:00,nan,nan,nan,nan,nan,nan,nan,nan,nan,nan,nan,nan,nan,1109,0,nan,nan,nan,nan,nan,nan,nan,nan,nan,nan,nan,nan,nan,nan,nan,nan,nan,nan,nan,0,nan,0,nan,0,nan,0,nan,nan,nan,nan,0,0,nan,nan,nan,nan,nan,nan,nan,nan,nan,nan,nan,0,314002,nan,nan,nan,nan,nan,nan,nan,nan,nan,nan
2025/09/07 13:00:00,nan,nan,nan,nan,nan,nan,nan,nan,nan,nan,nan,nan,nan,1126,0,nan,nan,nan,nan,nan,nan,nan,nan,nan,nan,nan,nan,nan,nan,nan,nan,nan,nan,nan,0,nan,0,nan,0,nan,0,nan,nan,nan,nan,0,0,nan,nan,nan,nan,nan,nan,nan,nan,nan,nan,nan,0,314002,nan,nan,nan,nan,nan,nan,nan,nan,nan,nan
2025/09/07 14:00:00,nan,nan,nan,nan,nan,nan,nan,nan,nan,nan,nan,nan,nan,1142,0,nan,nan,nan,nan,nan,nan,nan,nan,nan,nan,nan,nan,nan,nan,nan,nan,nan,nan,nan,0,nan,0,nan,0,nan,0,nan,nan,nan,nan,0,0,nan,nan,nan,nan,nan,nan,nan,nan,nan,nan,nan,0,314002,nan,nan,nan,nan,nan,nan,nan,nan,nan,nan
2025/09/07 15:00:00,nan,nan,nan,nan,nan,nan,nan,nan,nan,nan,nan,nan,nan,1158,0,nan,nan,nan,nan,nan,nan,nan,nan,nan,nan,nan,nan,nan,nan,nan,nan,nan,nan,nan,0,nan,0,nan,0,nan,0,nan,nan,nan,nan,0,0,nan,nan,nan,nan,nan,nan,nan,nan,nan,nan,nan,0,314002,nan,0,0,nan,nan,nan,nan,nan,nan,nan
2025/09/07 16:00:00,nan,nan,nan,nan,nan,nan,nan,nan,nan,nan,nan,nan,nan,1173,0,nan,nan,nan,nan,nan,nan,nan,nan,nan,nan,nan,nan,nan,nan,nan,nan,nan,nan,nan,0,nan,0,nan,0,nan,0,nan,nan,nan,nan,0,0,nan,nan,nan,nan,nan,nan,nan,nan,nan,nan,nan,0,314002,nan,nan,nan,nan,nan,nan,nan,nan,nan,nan
2025/09/07 17:00:00,nan,nan,nan,nan,nan,nan,nan,nan,nan,nan,nan,nan,nan,1189,0,nan,nan,nan,nan,nan,nan,nan,nan,nan,nan,nan,nan,nan,nan,nan,nan,nan,nan,nan,0,nan,0,nan,0,nan,0,nan,nan,nan,nan,0,0,nan,nan,nan,nan,nan,nan,nan,nan,nan,nan,nan,0,314002,nan,nan,nan,nan,nan,nan,nan,nan,nan,nan
2025/09/07 18:00:00,nan,nan,nan,nan,nan,nan,nan,nan,nan,nan,nan,nan,nan,1204,0,nan,nan,nan,nan,nan,nan,nan,nan,nan,nan,nan,nan,nan,nan,nan,nan,nan,nan,nan,0,nan,0,nan,0,nan,0,nan,nan,nan,nan,0,0,nan,nan,nan,nan,nan,nan,nan,nan,nan,nan,nan,0,314002,nan,nan,nan,nan,nan,nan,nan,nan,nan,nan
2025/09/07 19:00:00,nan,nan,nan,nan,nan,nan,nan,nan,nan,nan,nan,nan,nan,1220,0,nan,nan,nan,nan,nan,nan,nan,nan,nan,nan,nan,nan,nan,nan,nan,nan,nan,nan,nan,0,nan,0,nan,0,nan,0,nan,nan,nan,nan,0,0,nan,nan,nan,nan,nan,nan,nan,nan,nan,nan,nan,0,314002,nan,nan,nan,nan,nan,nan,nan,nan,nan,nan
2025/09/07 20:00:00,nan,nan,nan,nan,nan,nan,nan,nan,nan,nan,nan,nan,nan,1236,0,nan,nan,nan,nan,nan,nan,nan,nan,nan,nan,nan,nan,nan,nan,nan,nan,nan,nan,nan,0,nan,0,nan,0,nan,0,nan,nan,nan,nan,0,0,nan,nan,nan,nan,nan,nan,nan,nan,nan,nan,nan,0,314002,nan,nan,nan,nan,nan,nan,nan,nan,nan,nan
2025/09/07 21:00:00,nan,nan,nan,nan,nan,nan,nan,nan,nan,nan,nan,nan,nan,1252,0,nan,nan,nan,nan,nan,nan,nan,nan,nan,nan,nan,nan,nan,nan,nan,nan,nan,nan,nan,0,nan,0,nan,0,nan,0,nan,nan,nan,nan,0,0,nan,nan,nan,nan,nan,nan,nan,nan,nan,nan,nan,0,314002,nan,nan,nan,nan,nan,nan,nan,nan,nan,nan
2025/09/07 22:00:00,nan,nan,nan,nan,nan,nan,nan,nan,nan,nan,nan,nan,nan,1268,0,nan,nan,nan,nan,nan,nan,nan,nan,nan,nan,nan,nan,nan,nan,nan,nan,nan,nan,nan,0,nan,0,nan,0,nan,0,nan,nan,nan,nan,0,0,nan,nan,nan,nan,nan,nan,nan,nan,nan,nan,nan,0,314002,nan,nan,nan,nan,nan,nan,nan,nan,nan,nan
2025/09/07 23:00:00,nan,nan,nan,nan,nan,nan,nan,nan,nan,nan,nan,nan,nan,1284,0,nan,nan,nan,nan,nan,nan,nan,nan,nan,nan,nan,nan,nan,nan,nan,nan,nan,nan,nan,0,nan,0,nan,0,nan,0,nan,nan,nan,nan,0,0,nan,nan,nan,nan,nan,nan,nan,nan,nan,nan,nan,0,314002,nan,nan,nan,nan,nan,nan,nan,nan,nan,nan
2025/09/08 00:00:00,nan,nan,nan,nan,nan,nan,nan,nan,nan,nan,nan,nan,nan,1300,0,nan,nan,nan,nan,nan,nan,nan,nan,nan,nan,nan,nan,nan,nan,nan,nan,nan,nan,nan,0,nan,0,nan,0,nan,0,nan,nan,nan,nan,0,0,nan,nan,nan,nan,nan,nan,nan,nan,nan,nan,nan,0,314002,nan,nan,nan,nan,nan,nan,nan,nan,nan,nan
2025/09/08 01:00:00,nan,nan,nan,nan,nan,nan,nan,nan,nan,nan,nan,nan,nan,1317,0,nan,nan,nan,nan,nan,nan,nan,nan,nan,nan,nan,nan,nan,nan,nan,nan,nan,nan,nan,0,nan,0,nan,0,nan,0,nan,nan,nan,nan,0,0,nan,nan,nan,nan,nan,nan,nan,nan,nan,nan,nan,0,314002,nan,nan,nan,nan,nan,nan,nan,nan,nan,nan
2025/09/08 02:00:00,nan,nan,nan,nan,nan,nan,nan,nan,nan,nan,nan,nan,nan,1333,0,nan,nan,nan,nan,nan,nan,nan,nan,nan,nan,nan,nan,nan,nan,nan,nan,nan,nan,nan,0,nan,0,nan,0,nan,0,nan,nan,nan,nan,0,0,nan,nan,nan,nan,nan,nan,nan,nan,nan,nan,nan,0,314002,nan,nan,nan,nan,nan,nan,nan,nan,nan,nan
2025/09/08 03:00:00,nan,nan,nan,nan,nan,nan,nan,nan,nan,nan,nan,nan,nan,1351,0,nan,nan,nan,nan,nan,nan,nan,nan,nan,nan,nan,nan,nan,nan,nan,nan,nan,nan,nan,0,nan,0,nan,0,nan,0,nan,nan,nan,nan,0,0,nan,nan,nan,nan,nan,nan,nan,nan,nan,nan,nan,0,314002,nan,nan,nan,nan,nan,nan,nan,nan,nan,nan
2025/09/08 04:00:00,nan,nan,nan,nan,nan,nan,nan,nan,nan,nan,nan,nan,nan,1369,0,nan,nan,nan,nan,nan,nan,nan,nan,nan,nan,nan,nan,nan,nan,nan,nan,nan,nan,nan,0,nan,0,nan,0,nan,0,nan,nan,nan,nan,0,0,nan,nan,nan,nan,nan,nan,nan,nan,nan,nan,nan,0,314002,nan,nan,nan,nan,nan,nan,nan,nan,nan,nan
2025/09/08 05:00:00,nan,nan,nan,nan,nan,nan,nan,nan,nan,nan,nan,nan,nan,1386,0,nan,nan,nan,nan,nan,nan,nan,nan,nan,nan,nan,nan,nan,nan,nan,nan,nan,nan,nan,0,nan,0,nan,0,nan,0,nan,nan,nan,nan,0,0,nan,nan,nan,nan,nan,nan,nan,nan,nan,nan,nan,0,314002,nan,nan,nan,nan,nan,nan,nan,nan,nan,nan
2025/09/08 06:00:00,nan,nan,nan,nan,nan,nan,nan,nan,nan,nan,nan,nan,nan,1403,0,nan,nan,nan,nan,nan,nan,nan,nan,nan,nan,nan,nan,nan,nan,nan,nan,nan,nan,nan,0,nan,0,nan,0,nan,0,nan,nan,nan,nan,0,0,nan,nan,nan,nan,nan,nan,nan,nan,nan,nan,nan,0,314002,nan,nan,nan,nan,nan,nan,nan,nan,nan,nan
2025/09/08 07:00:00,nan,nan,nan,nan,nan,nan,nan,nan,nan,nan,nan,nan,nan,1420,0,nan,nan,nan,nan,nan,nan,nan,nan,nan,nan,nan,nan,nan,nan,nan,nan,nan,nan,nan,0,nan,0,nan,0,nan,0,nan,nan,nan,nan,0,0,nan,nan,nan,nan,nan,nan,nan,nan,nan,nan,nan,0,314002,nan,nan,nan,nan,nan,nan,nan,nan,nan,nan
2025/09/08 08:00:00,nan,nan,nan,nan,nan,nan,nan,nan,nan,nan,nan,nan,nan,1438,0,nan,nan,nan,nan,nan,nan,nan,nan,nan,nan,nan,nan,nan,nan,nan,nan,nan,nan,nan,0,nan,0,nan,0,nan,0,nan,nan,nan,nan,0,0,nan,nan,nan,nan,nan,nan,nan,nan,nan,nan,nan,0,314002,nan,nan,nan,nan,nan,nan,nan,nan,nan,nan
2025/09/08 09:00:00,nan,nan,nan,nan,nan,nan,nan,nan,nan,nan,nan,nan,nan,1455,0,nan,nan,nan,nan,nan,nan,nan,nan,nan,nan,nan,nan,nan,nan,nan,nan,nan,nan,nan,0,nan,0,nan,0,nan,0,nan,nan,nan,nan,0,0,nan,nan,nan,nan,nan,nan,nan,nan,nan,nan,nan,0,314002,nan,nan,nan,nan,nan,nan,nan,nan,nan,nan
2025/09/08 10:00:00,nan,nan,nan,nan,nan,nan,nan,nan,nan,nan,nan,nan,nan,1472,0,nan,nan,nan,nan,nan,nan,nan,nan,nan,nan,nan,nan,nan,nan,nan,nan,nan,nan,nan,0,nan,0,nan,0,nan,0,nan,nan,nan,nan,0,0,nan,nan,nan,nan,nan,nan,nan,nan,nan,nan,nan,0,314002,nan,nan,nan,nan,nan,nan,nan,nan,nan,nan
2025/09/08 11:00:00,nan,nan,nan,nan,nan,nan,nan,nan,nan,nan,nan,nan,nan,1489,0,nan,nan,nan,nan,nan,nan,nan,nan,nan,nan,nan,nan,nan,nan,nan,nan,nan,nan,nan,0,nan,0,nan,0,nan,0,nan,nan,nan,nan,0,0,nan,nan,nan,nan,nan,nan,nan,nan,nan,nan,nan,0,314002,nan,nan,nan,nan,nan,nan,nan,nan,nan,nan
2025/09/08 12:00:00,nan,nan,nan,nan,nan,nan,nan,nan,nan,nan,nan,nan,nan,1505,0,nan,nan,nan,nan,nan,nan,nan,nan,nan,nan,nan,nan,nan,nan,nan,nan,nan,nan,nan,0,nan,0,nan,0,nan,0,nan,nan,nan,nan,0,0,nan,nan,nan,nan,nan,nan,nan,nan,nan,nan,nan,0,314002,nan,nan,nan,nan,nan,nan,nan,nan,nan,nan
2025/09/08 13:00:00,nan,nan,nan,nan,nan,nan,nan,nan,nan,nan,nan,nan,nan,1523,0,nan,nan,nan,nan,nan,nan,nan,nan,nan,nan,nan,nan,nan,nan,nan,nan,nan,nan,nan,0,nan,0,nan,0,nan,0,nan,nan,nan,nan,0,0,nan,nan,nan,nan,nan,nan,nan,nan,nan,nan,nan,0,314632,nan,nan,nan,nan,nan,nan,nan,nan,nan,nan
2025/09/08 14:00:00,nan,nan,nan,nan,nan,nan,nan,nan,nan,nan,nan,nan,nan,1541,0,nan,nan,nan,nan,nan,nan,nan,nan,nan,nan,nan,nan,nan,nan,nan,nan,nan,nan,nan,0,nan,0,nan,0,nan,0,nan,nan,nan,nan,0,0,nan,nan,nan,nan,nan,nan,nan,nan,nan,nan,nan,0,316736,nan,nan,nan,nan,nan,nan,nan,nan,nan,nan
2025/09/08 15:00:00,nan,nan,nan,nan,nan,nan,nan,nan,nan,nan,nan,nan,nan,1558,0,nan,nan,nan,nan,nan,nan,nan,nan,nan,nan,nan,nan,nan,nan,nan,nan,nan,nan,nan,0,nan,0,nan,0,nan,0,nan,nan,nan,nan,0,0,nan,nan,nan,nan,nan,nan,nan,nan,nan,nan,nan,0,318741,nan,nan,nan,nan,nan,nan,nan,nan,nan,nan
2025/09/08 16:00:00,nan,nan,nan,nan,nan,nan,nan,nan,nan,nan,nan,nan,nan,1574,0,nan,nan,nan,nan,nan,nan,nan,nan,nan,nan,nan,nan,nan,nan,nan,nan,nan,nan,nan,0,nan,0,nan,0,nan,0,nan,nan,nan,nan,0,0,nan,nan,nan,nan,nan,nan,nan,nan,nan,nan,nan,0,320818,nan,nan,nan,nan,nan,nan,nan,nan,nan,nan
2025/09/08 17:00:00,nan,nan,nan,nan,nan,nan,nan,nan,nan,nan,nan,nan,nan,1591,0,nan,nan,nan,nan,nan,nan,nan,nan,nan,nan,nan,nan,nan,nan,nan,nan,nan,nan,nan,0,nan,0,nan,0,nan,0,nan,nan,nan,nan,0,0,nan,nan,nan,nan,nan,nan,nan,nan,nan,nan,nan,0,322711,nan,nan,nan,nan,nan,nan,nan,nan,nan,nan
2025/09/08 18:00:00,nan,nan,nan,nan,nan,nan,nan,nan,nan,nan,nan,nan,nan,1609,0,nan,nan,nan,nan,nan,nan,nan,nan,nan,nan,nan,nan,nan,nan,nan,nan,nan,nan,nan,0,nan,0,nan,0,nan,0,nan,nan,nan,nan,0,0,nan,nan,nan,nan,nan,nan,nan,nan,nan,nan,nan,0,324472,nan,nan,nan,nan,nan,nan,nan,nan,nan,nan
2025/09/08 19:00:00,nan,nan,nan,nan,nan,nan,nan,nan,nan,nan,nan,nan,nan,1626,0,nan,nan,nan,nan,nan,nan,nan,nan,nan,nan,nan,nan,nan,nan,nan,nan,nan,nan,nan,0,nan,0,nan,0,nan,0,nan,nan,nan,nan,0,0,nan,nan,nan,nan,nan,nan,nan,nan,nan,nan,nan,0,326437,nan,nan,nan,nan,nan,nan,nan,nan,nan,nan
2025/09/08 20:00:00,nan,nan,nan,nan,nan,nan,nan,nan,nan,nan,nan,nan,nan,1643,0,nan,nan,nan,nan,nan,nan,nan,nan,nan,nan,nan,nan,nan,nan,nan,nan,nan,nan,nan,0,nan,0,nan,0,nan,0,nan,nan,nan,nan,0,0,nan,nan,nan,nan,nan,nan,nan,nan,nan,nan,nan,0,328436,nan,nan,nan,nan,nan,nan,nan,nan,nan,nan
2025/09/08 21:00:00,nan,nan,nan,nan,nan,nan,nan,nan,nan,nan,nan,nan,nan,1660,0,nan,nan,nan,nan,nan,nan,nan,nan,nan,nan,nan,nan,nan,nan,nan,nan,nan,nan,nan,0,nan,0,nan,0,nan,0,nan,nan,nan,nan,0,0,nan,nan,nan,nan,nan,nan,nan,nan,nan,nan,nan,0,330479,nan,nan,nan,nan,nan,nan,nan,nan,nan,nan
2025/09/08 22:00:00,nan,nan,nan,nan,nan,nan,nan,nan,nan,nan,nan,nan,nan,1677,0,nan,nan,nan,nan,nan,nan,nan,nan,nan,nan,nan,nan,nan,nan,nan,nan,nan,nan,nan,0,nan,0,nan,0,nan,0,nan,nan,nan,nan,0,0,nan,nan,nan,nan,nan,nan,nan,nan,nan,nan,nan,0,332686,nan,nan,nan,nan,nan,nan,nan,nan,nan,nan
2025/09/08 23:00:00,nan,nan,nan,nan,nan,nan,nan,nan,nan,19,0,nan,nan,1694,0,nan,nan,nan,nan,nan,nan,nan,nan,nan,nan,nan,nan,nan,nan,nan,0,14303,nan,nan,0,nan,0,nan,0,nan,0,nan,nan,nan,nan,0,0,nan,nan,nan,nan,nan,nan,nan,nan,nan,nan,nan,0,334690,nan,nan,nan,nan,nan,nan,nan,nan,nan,nan
2025/09/09 00:00:00,nan,nan,nan,nan,nan,nan,nan,nan,nan,24,0,nan,nan,1710,0,nan,nan,nan,nan,nan,nan,nan,nan,nan,nan,nan,nan,nan,nan,nan,0,15125,nan,nan,0,nan,0,nan,0,nan,0,nan,nan,nan,nan,0,0,nan,nan,nan,nan,nan,nan,nan,nan,nan,nan,nan,0,336672,nan,nan,nan,nan,nan,nan,nan,nan,nan,nan
